Suburb,Population
ABBOTSBURY,4200
ABBOTSFORD,5431
ACACIA GARDENS,3668
AGNES BANKS,996
AIRDS,3265
ALEXANDRIA,9649
ALFORDS POINT,3131
ALLAMBIE HEIGHTS,7317
ALLAWAH,5351
AMBARVALE,7254
ANGUS,384
ANNANDALE,9487
ANNANGROVE,1472
ARCADIA,1475
ARNCLIFFE,12023
ARNDELL PARK,6
ARTARMON,9417
ASHBURY,3353
ASHCROFT,3634
ASHFIELD,23012
ASQUITH,6160
AUBURN,39333
AUSTRAL,6847
AVALON BEACH,10379
BADGERYS CREEK,168
BALGOWLAH,8068
BALGOWLAH HEIGHTS,3546
BALMAIN,10454
BALMAIN EAST,1900
BANGOR,5536
BANKSIA,3277
BANKSMEADOW,508
BANKSTOWN,34933
BANKSTOWN AERODROME,5
BARANGAROO,220
BARDEN RIDGE,4129
BARDIA,5747
BARDWELL PARK,2320
BARDWELL VALLEY,2344
BASS HILL,10230
BAULKHAM HILLS,37415
BAYVIEW,3807
BEACON HILL,7814
BEACONSFIELD,1172
BEAUMONT HILLS,9041
BEECROFT,10291
BELFIELD,6555
BELLA VISTA,8384
BELLEVUE HILL,10590
BELMORE,13781
BELROSE,8726
BERALA,8757
BERKSHIRE PARK,2149
BEROWRA,4762
BEROWRA HEIGHTS,5286
BEROWRA WATERS,169
BERRILEE,212
BEVERLEY PARK,2646
BEVERLY HILLS,10483
BEXLEY,19646
BEXLEY NORTH,4281
BIDWILL,4202
BILGOLA BEACH,251
BILGOLA PLATEAU,3650
BIRCHGROVE,3228
BIRRONG,3331
BLACKETT,3586
BLACKTOWN,50961
BLAIR ATHOL,2725
BLAIRMOUNT,409
BLAKEHURST,6652
BLIGH PARK,6220
BONDI,10411
BONDI BEACH,11513
BONDI JUNCTION,10361
BONNET BAY,2238
BONNYRIGG,9785
BONNYRIGG HEIGHTS,7369
BOSSLEY PARK,15492
BOTANY,12960
BOW BOWING,1606
BOX HILL,6450
BRADBURY,9433
BREAKFAST POINT,4678
BRIGHTON-LE-SANDS,8336
BRINGELLY,2433
BRONTE,7166
BROOKLYN,737
BROOKVALE,3389
BUNDEENA,2103
BUNGARRIBEE,3177
BURRANEER,3719
BURWOOD,18224
BURWOOD HEIGHTS,1134
BUSBY,4446
CABARITA,1933
CABRAMATTA,21142
CABRAMATTA WEST,7822
CADDENS,3487
CAMBRIDGE GARDENS,2030
CAMBRIDGE PARK,7054
CAMELLIA,0
CAMMERAY,7088
CAMPBELLTOWN,16577
CAMPERDOWN,9381
CAMPSIE,26132
CANADA BAY,1308
CANLEY HEIGHTS,12320
CANLEY VALE,10300
CANOELANDS,177
CANTERBURY,9430
CARINGBAH,12575
CARINGBAH SOUTH,13168
CARLINGFORD,28044
CARLTON,10631
CARNES HILL,3332
CARRAMAR,3475
CARSS PARK,1265
CARTWRIGHT,2616
CASTLE COVE,2643
CASTLE HILL,40874
CASTLECRAG,2965
CASTLEREAGH,1248
CASULA,16584
CATHERINE FIELD,2609
CATTAI,1077
CECIL HILLS,6906
CECIL PARK,815
CENTENNIAL PARK,2225
CHATSWOOD,25553
CHATSWOOD WEST,1521
CHELTENHAM,2166
CHERRYBROOK,19082
CHESTER HILL,14007
CHIFLEY,3490
CHIPPENDALE,7803
CHIPPING NORTON,9412
CHISWICK,2909
CHULLORA,14
CHURCH POINT,1066
CLAREMONT MEADOWS,5177
CLARENDON,147
CLAREVILLE,822
CLAYMORE,2579
CLEMTON PARK,1676
CLONTARF,1746
CLOVELLY,4887
CLYDE,9
COASTERS RETREAT,30
COBBITTY,4206
COLEBEE,4914
COLLAROY,7944
COLLAROY PLATEAU,4805
COLYTON,8770
COMO,4053
CONCORD,14551
CONCORD WEST,6178
CONDELL PARK,13066
CONNELLS POINT,2884
CONSTITUTION HILL,4030
COOGEE,14634
COTTAGE POINT,96
COWAN,631
CRANEBROOK,15779
CREMORNE,11263
CREMORNE POINT,2270
CROMER,8030
CRONULLA,17899
CROWS NEST,4974
CROYDON,10755
CROYDON PARK,10929
CURL CURL,2364
CURRANS HILL,5541
DACEYVILLE,1146
DANGAR ISLAND,313
DARLING POINT,3977
DARLINGHURST,10615
DARLINGTON,2975
DAVIDSON,2725
DAWES POINT,385
DEAN PARK,3180
DEE WHY,23354
DENHAM COURT,9129
DENISTONE,3726
DENISTONE EAST,2292
DENISTONE WEST,947
DHARRUK,2806
DOLANS BAY,699
DOLLS POINT,1633
DOONSIDE,13614
DOUBLE BAY,4709
DOVER HEIGHTS,4044
DRUMMOYNE,12011
DUFFYS FOREST,509
DULWICH HILL,14046
DUNDAS,4959
DUNDAS VALLEY,5875
DURAL,7900
EAGLE VALE,5789
EARLWOOD,18053
EAST HILLS,3370
EAST KILLARA,2895
EAST LINDFIELD,3710
EAST RYDE,2522
EASTERN CREEK,874
EASTGARDENS,4086
EASTLAKES,6347
EASTWOOD,18695
EDENSOR PARK,10279
EDGECLIFF,2499
EDMONDSON PARK,12080
ELANORA HEIGHTS,4581
ELDERSLIE,8009
ELIZABETH BAY,4878
ELIZABETH HILLS,3208
ELVINA BAY,80
EMERTON,2295
ENFIELD,2992
ENGADINE,17736
ENGLORIE PARK,361
ENMORE,3905
EPPING,29551
ERMINGTON,12686
ERSKINE PARK,6486
ERSKINEVILLE,9657
ESCHOL PARK,2607
EVELEIGH,606
FAIRFIELD,18596
FAIRFIELD EAST,5198
FAIRFIELD HEIGHTS,8269
FAIRFIELD WEST,12981
FAIRLIGHT,6141
FIDDLETOWN,259
FIVE DOCK,9823
FOREST GLEN,71
FOREST LODGE,4965
FORESTVILLE,8659
FRENCHS FOREST,14267
FRESHWATER,9186
GABLES,3339
GALSTON,3195
GEORGES HALL,9739
GILEAD,882
GIRRAWEEN,6256
GLADESVILLE,12867
GLEBE,11680
GLEDSWOOD HILLS,6112
GLEN ALPINE,4429
GLENDENNING,5196
GLENFIELD,10536
GLENHAVEN,6619
GLENMORE PARK,25021
GLENORIE,3792
GLENWOOD,15829
GORDON,8795
GRANTHAM FARM,3669
GRANVILLE,16716
GRAYS POINT,3034
GREAT MACKEREL BEACH,50
GREEN VALLEY,12919
GREENACRE,26314
GREENDALE,408
GREENFIELD PARK,5394
GREENHILLS BEACH,1375
GREENWICH,5469
GREGORY HILLS,9142
GREYSTANES,23511
GUILDFORD,24091
GUILDFORD WEST,5762
GYMEA,8219
GYMEA BAY,6983
HABERFIELD,6480
HAMMONDVILLE,3691
HARRINGTON PARK,13332
HARRIS PARK,5043
HASSALL GROVE,4401
HAYMARKET,8305
HEATHCOTE,6148
HEBERSHAM,5643
HECKENBERG,3263
HENLEY,455
HILLSDALE,5647
HINCHINBROOK,11521
HOBARTVILLE,2712
HOLROYD,1248
HOLSWORTHY,5657
HOMEBUSH,11660
HOMEBUSH WEST,9108
HORNINGSEA PARK,3673
HORNSBY,22462
HORNSBY HEIGHTS,6354
HORSLEY PARK,1790
HOXTON PARK,4572
HUNTERS HILL,9014
HUNTINGWOOD,3
HUNTLEYS COVE,740
HUNTLEYS POINT,142
HURLSTONE PARK,5001
HURSTVILLE,31162
HURSTVILLE GROVE,2606
ILLAWONG,7427
INGLEBURN,15264
INGLESIDE,1030
JAMISONTOWN,5321
JANNALI,6632
JORDAN SPRINGS,11772
KANGAROO POINT,602
KAREELA,3572
KEARNS,2693
KELLYVILLE,27011
KELLYVILLE RIDGE,10890
KEMPS CREEK,2121
KENSINGTON,11927
KENTHURST,5313
KENTLYN,726
KILLARA,10620
KILLARNEY HEIGHTS,4502
KINGS LANGLEY,9354
KINGS PARK,3476
KINGSFORD,13492
KINGSGROVE,12881
KINGSWOOD,11779
KIRKHAM,690
KIRRAWEE,11007
KIRRIBILLI,3629
KOGARAH,16416
KOGARAH BAY,2102
KU-RING-GAI CHASE,10
KURNELL,2528
KURRABA POINT,1401
KYEEMAGH,935
KYLE BAY,1039
LA PEROUSE,366
LAKEMBA,17092
LALOR PARK,7834
LANE COVE,12363
LANE COVE NORTH,11773
LANE COVE WEST,3146
LANSDOWNE,623
LANSVALE,2595
LAUGHTONDALE,102
LAVENDER BAY,870
LEETS VALE,59
LEICHHARDT,15158
LEN WATERS ESTATE,0
LEPPINGTON,9423
LETHBRIDGE PARK,4730
LEUMEAH,9992
LEWISHAM,4060
LIBERTY GROVE,2055
LIDCOMBE,23663
LILLI PILLI,2052
LILYFIELD,7641
LINDFIELD,10943
LINLEY POINT,382
LITTLE BAY,4817
LIVERPOOL,31078
LLANDILO,1618
LOFTUS,4190
LONDONDERRY,4024
LONG POINT,237
LONGUEVILLE,2116
LOVETT BAY,117
LOWER PORTLAND,711
LUCAS HEIGHTS,4
LUDDENHAM,1927
LUGARNO,5869
LURNEA,10057
MACQUARIE FIELDS,14023
MACQUARIE LINKS,1455
MACQUARIE PARK,11071
MAIANBAR,539
MALABAR,4714
MANLY,16296
MANLY VALE,6389
MARAYLYA,1281
MARAYONG,7834
MAROOTA,616
MAROUBRA,30722
MARRICKVILLE,26570
MARSDEN PARK,14610
MARSFIELD,12492
MASCOT,21591
MATRAVILLE,9925
MAYS HILL,1902
MCGRATHS HILL,2537
MCMAHONS POINT,2315
MEADOWBANK,5089
MELONBA,1439
MELROSE PARK,2059
MENAI,10419
MENANGLE PARK,224
MERRYLANDS,32472
MERRYLANDS WEST,7054
MIDDLE COVE,1327
MIDDLE DURAL,1040
MIDDLETON GRANGE,7043
MILLER,3374
MILLERS POINT,1735
MILPERRA,4074
MILSONS PASSAGE,32
MILSONS POINT,2529
MINCHINBURY,5778
MINTO,13940
MINTO HEIGHTS,384
MIRANDA,17942
MONA VALE,10877
MONTEREY,4619
MOORE PARK,18
MOOREBANK,11408
MORNING BAY,31
MORTDALE,10745
MORTLAKE,1954
MOSMAN,28329
MOUNT ANNAN,11784
MOUNT COLAH,7816
MOUNT DRUITT,16986
MOUNT KURING-GAI,1766
MOUNT LEWIS,1234
MOUNT PRITCHARD,10426
MOUNT VERNON,1235
MULGOA,2044
MULGRAVE,78
NARELLAN,3358
NARELLAN VALE,6931
NAREMBURN,5924
NARRABEEN,8255
NARRAWEENA,6971
NARWEE,5411
NELSON,472
NEUTRAL BAY,10090
NEWINGTON,5648
NEWPORT,9659
NEWTOWN,14690
NIRIMBA FIELDS,1632
NORMANHURST,5387
NORTH BALGOWLAH,3816
NORTH BONDI,9290
NORTH CURL CURL,4288
NORTH EPPING,4657
NORTH KELLYVILLE,17401
NORTH MANLY,3396
NORTH NARRABEEN,6016
NORTH PARRAMATTA,12064
NORTH ROCKS,9136
NORTH RYDE,14043
NORTH ST MARYS,4123
NORTH STRATHFIELD,4618
NORTH SYDNEY,8964
NORTH TURRAMURRA,4194
NORTH WAHROONGA,2100
NORTH WILLOUGHBY,4161
NORTHBRIDGE,6493
NORTHMEAD,11261
NORTHWOOD,916
NORWEST,4688
OAKHURST,6947
OAKVILLE,2027
OATLANDS,5833
OATLEY,10664
OLD GUILDFORD,2857
OLD TOONGABBIE,3276
ORAN PARK,17624
ORCHARD HILLS,1798
OXFORD FALLS,265
OXLEY PARK,4197
OYSTER BAY,5689
PADDINGTON,12701
PADSTOW,14017
PADSTOW HEIGHTS,3594
PAGEWOOD,3885
PALM BEACH,1652
PANANIA,13507
PARKLEA,3684
PARRAMATTA,30211
PEAKHURST,12079
PEAKHURST HEIGHTS,2524
PEMULWUY,5532
PENDLE HILL,7743
PENNANT HILLS,7588
PENRITH,17966
PENSHURST,12592
PETERSHAM,8200
PHILLIP BAY,721
PICNIC POINT,6413
PITT TOWN,3871
PLEASURE POINT,606
PLUMPTON,10070
POINT PIPER,1334
PORT BOTANY,0
PORT HACKING,1210
POTTS HILL,1454
POTTS POINT,7183
PRAIRIEWOOD,3457
PRESTONS,15694
PROSPECT,5187
PUNCHBOWL,21387
PUTNEY,4097
PYMBLE,11775
PYRMONT,12658
QUAKERS HILL,27893
QUEENS PARK,3143
QUEENSCLIFF,3407
RABY,5943
RAMSGATE,1151
RAMSGATE BEACH,1734
RANDWICK,28943
REDFERN,13072
REGENTS PARK,4990
REGENTVILLE,829
REVESBY,15268
REVESBY HEIGHTS,1916
RHODES,11453
RICHARDS,37
RICHMOND,5418
RIVERSTONE,8627
RIVERVIEW,3148
RIVERWOOD,12793
ROCKDALE,15475
RODD POINT,1380
ROOKWOOD,3
ROOTY HILL,16176
ROPES CROSSING,7280
ROSE BAY,9911
ROSEBERY,13533
ROSEHILL,4047
ROSELANDS,12356
ROSEMEADOW,8007
ROSEVILLE,10340
ROSEVILLE CHASE,1618
ROSSMORE,2241
ROUSE HILL,11349
ROZELLE,8553
RUSE,5632
RUSHCUTTERS BAY,2335
RUSSELL LEA,4920
RYDALMERE,7274
RYDE,31907
SACKVILLE NORTH,388
SADLEIR,3243
SANDRINGHAM,1275
SANDY POINT,597
SANS SOUCI,10864
SCHOFIELDS,15213
SCOTLAND ISLAND,711
SEAFORTH,7384
SEFTON,6300
SEVEN HILLS,20095
SHALVEY,3455
SHANES PARK,384
SILVERWATER,3874
SINGLETONS MILL,3
SMEATON GRANGE,16
SMITHFIELD,13160
SOUTH COOGEE,5611
SOUTH GRANVILLE,5829
SOUTH HURSTVILLE,5221
SOUTH MAROOTA,613
SOUTH PENRITH,12005
SOUTH TURRAMURRA,3208
SOUTH WENTWORTHVILLE,6913
SOUTH WINDSOR,5948
SPRING FARM,9868
ST ANDREWS,5785
ST CLAIR,19959
ST HELENS PARK,6647
ST IVES,18384
ST IVES CHASE,3283
ST JOHNS PARK,6302
ST LEONARDS,7212
ST MARYS,13256
ST PETERS,3629
STANHOPE GARDENS,9349
STANMORE,7619
STRATHFIELD,25915
STRATHFIELD SOUTH,3636
SUMMER HILL,7416
SURRY HILLS,15828
SUTHERLAND,11570
SYDENHAM,1100
SYDNEY,16667
SYDNEY OLYMPIC PARK,4848
SYLVANIA,10749
SYLVANIA WATERS,3200
TALLAWONG,6570
TAMARAMA,1478
TAREN POINT,1879
TELOPEA,5356
TEMPE,3550
TENNYSON POINT,1247
TERREY HILLS,3142
THE PONDS,16315
THE ROCKS,699
THORNLEIGH,8898
TOONGABBIE,16177
TREGEAR,3700
TURRAMURRA,12850
TURRELLA,2673
ULTIMO,7410
VARROVILLE,134
VAUCLUSE,9510
VILLAWOOD,7051
VINEYARD,1143
VOYAGER POINT,1678
WAHROONGA,17853
WAITARA,7837
WAKELEY,4893
WAREEMBA,1519
WARRAWEE,3170
WARRIEWOOD,8379
WARWICK FARM,6135
WATERFALL,522
WATERLOO,16379
WATSONS BAY,883
WATTLE GROVE,8886
WAVERLEY,4216
WAVERTON,2981
WEDDERBURN,665
WENTWORTH POINT,12703
WENTWORTHVILLE,15098
WERRINGTON,5328
WERRINGTON COUNTY,3698
WERRINGTON DOWNS,3221
WEST HOXTON,10152
WEST PENNANT HILLS,16620
WEST PYMBLE,5441
WEST RYDE,13171
WESTLEIGH,4501
WESTMEAD,16555
WETHERILL PARK,6412
WHALAN,5929
WHALE BEACH,315
WHEELER HEIGHTS,3232
WILEY PARK,10016
WILLMOT,2382
WILLOUGHBY,7124
WILLOUGHBY EAST,1864
WINDSOR,1915
WINDSOR DOWNS,1183
WINSTON HILLS,12123
WISEMANS FERRY,233
WOLLI CREEK,10654
WOLLSTONECRAFT,8115
WOODBINE,2780
WOODCROFT,6597
WOODPARK,1706
WOOLLAHRA,7189
WOOLLOOMOOLOO,3792
WOOLOOWARE,5060
WOOLWICH,833
WORONORA,2043
WORONORA HEIGHTS,2781
YAGOONA,19651
YARRAWARRAH,2775
YENNORA,1675
YOWIE BAY,3053
ZETLAND,12622
