Suburb,Count,Population,Crime Rate per 1000
PORT BOTANY,66,0,inf
CAMELLIA,33,0,inf
LEN WATERS ESTATE,213,0,inf
BANKSTOWN AERODROME,366,5,73200.0
ARNDELL PARK,429,6,71500.0
HUNTINGWOOD,133,3,44333.333333333336
MOORE PARK,786,18,43666.666666666664
SMEATON GRANGE,632,16,39500.0
CHULLORA,390,14,27857.14285714286
LUCAS HEIGHTS,19,4,4750.0
KU-RING-GAI CHASE,43,10,4300.0
EASTERN CREEK,1966,874,2249.4279176201376
BARANGAROO,474,220,2154.545454545455
RICHARDS,67,37,1810.8108108108108
SYDNEY,28796,16667,1727.72544549109
HAYMARKET,9308,8305,1120.7706201083686
BROOKVALE,3376,3389,996.1640601947477
EMERTON,2122,2295,924.6187363834423
PENRITH,16506,17966,918.73538906824
WOOLLOOMOOLOO,2813,3792,741.824894514768
POTTS POINT,5257,7183,731.8669079771684
SURRY HILLS,11572,15828,731.1094263330806
LA PEROUSE,263,366,718.5792349726776
MILLER,2387,3374,707.4688796680498
PARRAMATTA,21247,30211,703.286882261428
MENANGLE PARK,156,224,696.4285714285714
REDFERN,8841,13072,676.3310893512852
BONDI JUNCTION,6959,10361,671.6533153170543
LETHBRIDGE PARK,3142,4730,664.2706131078224
EVELEIGH,400,606,660.0660066006601
EASTGARDENS,2632,4086,644.1507586882036
TREGEAR,2363,3700,638.6486486486486
VINEYARD,722,1143,631.6710411198601
NARELLAN,2114,3358,629.5413936867183
MOUNT DRUITT,10432,16986,614.152831743789
WISEMANS FERRY,140,233,600.8583690987125
AIRDS,1831,3265,560.7963246554365
LIVERPOOL,17136,31078,551.386833129545
DARLINGHURST,5840,10615,550.16486104569
CARTWRIGHT,1434,2616,548.1651376146789
NORTH ST MARYS,2174,4123,527.2859568275527
WARWICK FARM,3230,6135,526.4873675631621
BADGERYS CREEK,87,168,517.8571428571429
MELONBA,737,1439,512.1612230715775
SYDNEY OLYMPIC PARK,2475,4848,510.519801980198
BLACKETT,1824,3586,508.6447295036252
BANKSMEADOW,252,508,496.06299212598424
YENNORA,830,1675,495.5223880597015
DAWES POINT,189,385,490.9090909090909
SHALVEY,1653,3455,478.4370477568741
CAMBRIDGE GARDENS,963,2030,474.384236453202
WILLMOT,1129,2382,473.9714525608732
ANGUS,182,384,473.9583333333333
ULTIMO,3383,7410,456.54520917678815
WATERFALL,238,522,455.93869731800766
WETHERILL PARK,2918,6412,455.0842170929507
SHANES PARK,170,384,442.7083333333333
WHALAN,2548,5929,429.7520661157025
CLAYMORE,1084,2579,420.317952694843
DACEYVILLE,478,1146,417.10296684118674
WERRINGTON,2187,5328,410.47297297297297
JAMISONTOWN,2158,5321,405.56286412328507
VILLAWOOD,2821,7051,400.0850943128634
BLACKTOWN,20319,50961,398.7166656855242
VARROVILLE,53,134,395.5223880597015
HOLROYD,483,1248,387.0192307692308
LANSVALE,994,2595,383.04431599229287
ALEXANDRIA,3666,9649,379.9357446367499
CHIPPENDALE,2951,7803,378.18787645777263
KEMPS CREEK,801,2121,377.65205091937764
SOUTH WINDSOR,2181,5948,366.6778749159381
MACQUARIE PARK,3953,11071,357.0589829283714
DOONSIDE,4830,13614,354.7818422212428
ASHCROFT,1273,3634,350.3026967528894
MACQUARIE FIELDS,4848,14023,345.7177494116808
BONDI BEACH,3945,11513,342.65612785546773
HARRIS PARK,1705,5043,338.0924053142971
INGLEBURN,5053,15264,331.04035639412996
ROUSE HILL,3684,11349,324.61009780597414
BANKSTOWN,11278,34933,322.84659204763403
PYRMONT,4081,12658,322.4048032864591
REGENTVILLE,266,829,320.8685162846803
AMBARVALE,2280,7254,314.3093465674111
MILSONS PASSAGE,10,32,312.5
MINTO,4281,13940,307.10186513629844
LALOR PARK,2399,7834,306.22925708450344
SADLEIR,993,3243,306.19796484736355
RIVERWOOD,3913,12793,305.87039787383725
DOUBLE BAY,1437,4709,305.1603312805267
HEBERSHAM,1721,5643,304.9796207690945
EDGECLIFF,758,2499,303.3213285314126
PENDLE HILL,2347,7743,303.1124886994705
MAYS HILL,568,1902,298.6330178759201
STRATHFIELD SOUTH,1078,3636,296.47964796479647
MARRICKVILLE,7828,26570,294.61799021452765
MINCHINBURY,1692,5778,292.8348909657321
BUSBY,1296,4446,291.497975708502
LUDDENHAM,555,1927,288.012454592631
WATSONS BAY,254,883,287.65571913929784
CABRAMATTA,6050,21142,286.1602497398543
SOUTH GRANVILLE,1659,5829,284.6114256304684
CARINGBAH,3537,12575,281.272365805169
AUSTRAL,1914,6847,279.53848400759455
HUNTLEYS POINT,39,142,274.6478873239437
MERRYLANDS,8866,32472,273.03523035230353
DHARRUK,764,2806,272.2736992159658
CHATSWOOD,6943,25553,271.70977967361955
BASS HILL,2755,10230,269.30596285434996
CASTLEREAGH,335,1248,268.4294871794872
BLAIRMOUNT,109,409,266.5036674816626
RIVERSTONE,2262,8627,262.2000695490901
MILLERS POINT,454,1735,261.671469740634
EASTLAKES,1656,6347,260.9106664565937
WESTMEAD,4293,16555,259.31742675928723
LEUMEAH,2573,9992,257.50600480384304
CASULA,4224,16584,254.70332850940665
NORTH PARRAMATTA,3045,12064,252.40384615384613
OXLEY PARK,1055,4197,251.37002620919708
TELOPEA,1345,5356,251.12023898431667
PRAIRIEWOOD,867,3457,250.79548741683539
CRANEBROOK,3935,15779,249.38209011977946
HORSLEY PARK,445,1790,248.60335195530726
MASCOT,5331,21591,246.9084340697513
LLANDILO,397,1618,245.3646477132262
LILYFIELD,1871,7641,244.86323779609998
BRINGELLY,588,2433,241.67694204685574
CONSTITUTION HILL,969,4030,240.4466501240695
FAIRFIELD EAST,1247,5198,239.89996152366294
ROSEMEADOW,1917,8007,239.41551142750095
KENTLYN,171,726,235.53719008264463
CARNES HILL,782,3332,234.69387755102042
HECKENBERG,765,3263,234.4468280723261
REVESBY,3558,15268,233.0364160335342
MERRYLANDS WEST,1643,7054,232.91749362064076
HURSTVILLE,7258,31162,232.91187985366793
WENTWORTHVILLE,3510,15098,232.48112332759305
COLYTON,2037,8770,232.2690992018244
MAROUBRA,7128,30722,232.01614478224076
ORCHARD HILLS,417,1798,231.92436040044495
SOUTH COOGEE,1300,5611,231.68775619319194
NORWEST,1085,4688,231.44197952218428
MARAYONG,1810,7834,231.04416645391882
ZETLAND,2912,12622,230.70828711773095
CHESTER HILL,3216,14007,229.59948597130006
CAMBRIDGE PARK,1619,7054,229.51516869861072
BALMAIN,2388,10454,228.4293093552707
PHILLIP BAY,164,721,227.4618585298197
NORTHMEAD,2548,11261,226.26764940946632
NIRIMBA FIELDS,364,1632,223.03921568627453
TAREN POINT,419,1879,222.99095263438
GREENACRE,5862,26314,222.77114843809377
RYDALMERE,1617,7274,222.29859774539457
WERRINGTON COUNTY,820,3698,221.74148188209844
ROCKDALE,3396,15475,219.4507269789984
PETERSHAM,1780,8200,217.0731707317073
TEMPE,770,3550,216.90140845070422
HORNSBY,4850,22462,215.92022081738045
LEPPINGTON,2025,9423,214.89971346704868
BONNYRIGG,2092,9785,213.79662749105773
LIDCOMBE,5028,23663,212.48362422347125
LURNEA,2135,10057,212.28994730038778
FIVE DOCK,2076,9823,211.34073093759545
MALABAR,996,4714,211.28553245651253
RAMSGATE,243,1151,211.12076455256297
ROZELLE,1795,8553,209.86788261428737
SOUTH PENRITH,2512,12005,209.24614743856725
MATRAVILLE,2043,9925,205.84382871536525
RHODES,2348,11453,205.01178730463636
KOGARAH,3359,16416,204.61744639376218
GLENDENNING,1049,5196,201.8860662047729
NORTH SYDNEY,1809,8964,201.80722891566265
HOMEBUSH WEST,1832,9108,201.14185331576635
MINTO HEIGHTS,77,384,200.52083333333334
MARSDEN PARK,2919,14610,199.7946611909651
ENGLORIE PARK,72,361,199.4459833795014
BRIGHTON-LE-SANDS,1654,8336,198.4165067178503
KYEEMAGH,185,935,197.86096256684493
MOOREBANK,2251,11408,197.31767180925667
MOUNT PRITCHARD,2056,10426,197.1993094187608
WOLLI CREEK,2100,10654,197.10906701708277
CARSS PARK,248,1265,196.04743083003953
HILLSDALE,1093,5647,193.55409952187003
ARTARMON,1818,9417,193.05511309334184
ROOTY HILL,3111,16176,192.3219584569733
SOUTH WENTWORTHVILLE,1327,6913,191.95718212064227
ROSELANDS,2368,12356,191.64778245386856
OLD GUILDFORD,545,2857,190.75953797689886
LAKEMBA,3257,17092,190.55698572431547
EDMONDSON PARK,2297,12080,190.14900662251654
CRONULLA,3402,17899,190.0664841611263
DEAN PARK,604,3180,189.937106918239
RUSHCUTTERS BAY,443,2335,189.72162740899356
ERMINGTON,2393,12686,188.63313889326815
MILSONS POINT,476,2529,188.216686437327
FOREST LODGE,930,4965,187.31117824773412
PADSTOW,2616,14017,186.63052008275665
LAUGHTONDALE,19,102,186.27450980392157
ERSKINEVILLE,1791,9657,185.46132339235788
WILEY PARK,1855,10016,185.20367412140575
BERKSHIRE PARK,397,2149,184.7370870172173
BONDI,1907,10411,183.17164537508404
PEMULWUY,1012,5532,182.9356471438901
PRESTONS,2852,15694,181.72550019115585
KURNELL,459,2528,181.56645569620252
BELMORE,2486,13781,180.3932951164647
EAGLE VALE,1041,5789,179.82380376576265
WEST RYDE,2357,13171,178.95376205299522
COLEBEE,876,4914,178.26617826617826
HASSALL GROVE,781,4401,177.45966825721428
KIRRAWEE,1953,11007,177.43254292722813
PAGEWOOD,689,3885,177.34877734877736
BANKSIA,580,3277,176.99115044247787
CECIL PARK,144,815,176.68711656441718
NARWEE,952,5411,175.9379042690815
YAGOONA,3456,19651,175.8689125235357
CANLEY VALE,1806,10300,175.33980582524273
GREGORY HILLS,1601,9142,175.1257930430978
RANDWICK,5043,28943,174.2390215250665
LITTLE BAY,839,4817,174.17479759186216
HENLEY,79,455,173.6263736263736
BIRRONG,577,3331,173.2212548784149
GRANTHAM FARM,634,3669,172.799127827746
ELIZABETH BAY,839,4878,171.99671996719968
HOXTON PARK,785,4572,171.69728783902013
ARNCLIFFE,2060,12023,171.33826831905512
ROPES CROSSING,1236,7280,169.7802197802198
CATHERINE FIELD,441,2609,169.0302798006899
NORTH NARRABEEN,1007,6016,167.3869680851064
DRUMMOYNE,2000,12011,166.51402880692697
KINGSGROVE,2143,12881,166.36907072432263
JORDAN SPRINGS,1948,11772,165.47740400951412
EAST HILLS,557,3370,165.2818991097923
NORTH MANLY,558,3396,164.31095406360424
MULGOA,334,2044,163.4050880626223
RAMSGATE BEACH,282,1734,162.62975778546712
LAVENDER BAY,141,870,162.06896551724137
SCHOFIELDS,2465,15213,162.03247222769997
TURRELLA,433,2673,161.99027310138422
CHIPPING NORTON,1509,9412,160.32724181895452
GREAT MACKEREL BEACH,8,50,160.0
NEUTRAL BAY,1608,10090,159.36570862239842
CAMPSIE,4161,26132,159.230062758304
SEFTON,997,6300,158.25396825396825
CADDENS,551,3487,158.01548609119587
DUNDAS VALLEY,920,5875,156.59574468085106
KIRRIBILLI,566,3629,155.96583080738498
DEE WHY,3636,23354,155.69067397447975
AGNES BANKS,155,996,155.62248995983936
MILPERRA,631,4074,154.88463426607757
POINT PIPER,206,1334,154.42278860569718
SOUTH HURSTVILLE,806,5221,154.37655621528444
ESCHOL PARK,400,2607,153.4330648254699
CANLEY HEIGHTS,1885,12320,153.00324675324674
MCGRATHS HILL,388,2537,152.93653921955064
BALMAIN EAST,290,1900,152.6315789473684
BELLA VISTA,1261,8384,150.40553435114504
WOOLOOWARE,759,5060,150.0
DULWICH HILL,2105,14046,149.86473017229105
MAROOTA,92,616,149.35064935064935
CHURCH POINT,159,1066,149.15572232645403
COWAN,94,631,148.96988906497623
BLIGH PARK,922,6220,148.2315112540193
THORNLEIGH,1318,8898,148.12317374690943
GLEDSWOOD HILLS,904,6112,147.90575916230367
TAMARAMA,217,1478,146.82002706359944
NORTH STRATHFIELD,677,4618,146.6002598527501
JANNALI,970,6632,146.2605548854041
TALLAWONG,959,6570,145.96651445966512
BARDIA,833,5747,144.94518879415347
GUILDFORD WEST,833,5762,144.56785838250607
WENTWORTH POINT,1819,12703,143.19452097929621
FAIRFIELD HEIGHTS,1184,8269,143.18539122022008
WOOLWICH,119,833,142.85714285714286
CONDELL PARK,1861,13066,142.43073626205418
ERSKINE PARK,923,6486,142.30650632130744
CABRAMATTA WEST,1108,7822,141.65175147021222
SYLVANIA,1522,10749,141.5945669364592
ST HELENS PARK,921,6647,138.55874830750713
WOOLLAHRA,984,7189,136.87578244540268
BERRILEE,29,212,136.79245283018867
PUTNEY,559,4097,136.44129851110569
MANLY VALE,871,6389,136.32806385975897
BEVERLY HILLS,1427,10483,136.125155012878
NORTH BONDI,1262,9290,135.84499461786868
MONA VALE,1471,10877,135.23949618460972
PEAKHURST,1630,12079,134.94494577365677
BRONTE,965,7166,134.66368964554843
HURLSTONE PARK,673,5001,134.57308538292344
RYDE,4281,31907,134.1711850064249
GABLES,447,3339,133.87241689128481
HOBARTVILLE,363,2712,133.84955752212392
GYMEA,1099,8219,133.71456381554933
DARLING POINT,529,3977,133.01483530299222
BLAKEHURST,879,6652,132.14070956103427
CONCORD,1913,14551,131.46862758573295
POTTS HILL,191,1454,131.3617606602476
INGLESIDE,135,1030,131.06796116504853
CONCORD WEST,809,6178,130.94852703140174
MORTDALE,1407,10745,130.94462540716611
LOWER PORTLAND,93,711,130.8016877637131
SANS SOUCI,1420,10864,130.70692194403534
WARRIEWOOD,1094,8379,130.56450650435613
RODD POINT,180,1380,130.43478260869566
BERALA,1139,8757,130.06737467169123
LONGUEVILLE,275,2116,129.96219281663517
ORAN PARK,2282,17624,129.48252383113936
BALGOWLAH,1042,8068,129.15220624690136
MORNING BAY,4,31,129.03225806451613
RUSE,724,5632,128.55113636363635
CLAREMONT MEADOWS,665,5177,128.45277187560364
BOTANY,1663,12960,128.3179012345679
HABERFIELD,826,6480,127.46913580246913
BELFIELD,834,6555,127.23112128146452
NORTH ROCKS,1152,9136,126.09457092819615
QUAKERS HILL,3512,27893,125.90972645466606
MACQUARIE LINKS,183,1455,125.77319587628865
GLADESVILLE,1618,12867,125.74803761560582
MARAYLYA,161,1281,125.68306010928961
PANANIA,1686,13507,124.82416524764936
LANE COVE,1525,12363,123.35193723206342
OAKVILLE,249,2027,122.84163788850518
CURL CURL,290,2364,122.67343485617597
CARLINGFORD,3420,28044,121.95121951219512
MOUNT ANNAN,1417,11784,120.24779361846572
NORMANHURST,641,5387,118.99016149990719
BEXLEY,2337,19646,118.95551257253385
LEETS VALE,7,59,118.64406779661017
SACKVILLE NORTH,46,388,118.55670103092783
MENAI,1232,10419,118.24551300508686
LINLEY POINT,45,382,117.80104712041884
RABY,699,5943,117.6173649671883
HUNTERS HILL,1060,9014,117.59485245174174
NARRABEEN,970,8255,117.5045427013931
WHALE BEACH,37,315,117.46031746031746
KYLE BAY,122,1039,117.42059672762271
GEORGES HALL,1140,9739,117.05513913132765
OXFORD FALLS,31,265,116.9811320754717
HOLSWORTHY,656,5657,115.96252430616936
WOODPARK,197,1706,115.47479484173505
CANADA BAY,151,1308,115.4434250764526
HORNINGSEA PARK,422,3673,114.89245848080589
SOUTH MAROOTA,70,613,114.19249592169658
GREENFIELD PARK,614,5394,113.83018168335188
CURRANS HILL,630,5541,113.6978884677856
KINGS LANGLEY,1062,9354,113.53431686978833
BUNGARRIBEE,360,3177,113.31444759206799
LANE COVE WEST,356,3146,113.15956770502225
DENHAM COURT,1032,9129,113.04633585277686
CANOELANDS,20,177,112.99435028248587
OLD TOONGABBIE,370,3276,112.94261294261294
FAIRFIELD WEST,1464,12981,112.78021724058239
MOSMAN,3180,28329,112.25246214126867
WAKELEY,546,4893,111.58798283261804
GREYSTANES,2592,23511,110.24626770447875
BOW BOWING,177,1606,110.21170610211706
MOUNT LEWIS,136,1234,110.21069692058347
TENNYSON POINT,137,1247,109.86367281475542
SYLVANIA WATERS,351,3200,109.6875
WORONORA,224,2043,109.64268232990699
ASQUITH,675,6160,109.57792207792208
DOLLS POINT,178,1633,109.00183710961421
GREENHILLS BEACH,149,1375,108.36363636363637
WERRINGTON DOWNS,347,3221,107.73051847252405
CLEMTON PARK,180,1676,107.39856801909308
VAUCLUSE,1021,9510,107.36067297581494
GALSTON,343,3195,107.35524256651017
HAMMONDVILLE,395,3691,107.01706854510972
GLENMORE PARK,2676,25021,106.9501618640342
TURRAMURRA,1374,12850,106.92607003891051
MOUNT VERNON,132,1235,106.88259109311741
BIRCHGROVE,345,3228,106.87732342007435
BEROWRA,507,4762,106.46787064258714
DUFFYS FOREST,54,509,106.09037328094303
BEXLEY NORTH,451,4281,105.34921747255315
EARLWOOD,1895,18053,104.96870326261563
PENNANT HILLS,796,7588,104.90247759620453
MONTEREY,484,4619,104.78458540809699
BONNYRIGG HEIGHTS,766,7369,103.94897543764418
MIDDLE DURAL,108,1040,103.84615384615385
NORTH WILLOUGHBY,432,4161,103.82119682768564
DOVER HEIGHTS,419,4044,103.61028684470821
BEVERLEY PARK,271,2646,102.41874527588814
CAMMERAY,724,7088,102.14446952595937
BELLEVUE HILL,1069,10590,100.94428706326723
MOUNT KURING-GAI,178,1766,100.79275198187995
BUNDEENA,211,2103,100.33285782215883
MARSFIELD,1250,12492,100.06404098623119
WINSTON HILLS,1213,12123,100.05774148313124
NARRAWEENA,694,6971,99.55530053077032
TERREY HILLS,312,3142,99.29980903882877
STANHOPE GARDENS,921,9349,98.51320996898063
ANNANGROVE,145,1472,98.50543478260869
KOGARAH BAY,207,2102,98.47764034253092
BELROSE,859,8726,98.44143937657574
MCMAHONS POINT,227,2315,98.0561555075594
BOSSLEY PARK,1513,15492,97.66331009553318
CECIL HILLS,673,6906,97.45149145670432
LANE COVE NORTH,1144,11773,97.17149409666186
GLENORIE,366,3792,96.51898734177215
KEARNS,259,2693,96.17526921648718
CLOVELLY,470,4887,96.17352158788623
WAREEMBA,146,1519,96.11586570111916
WAVERTON,285,2981,95.60550150956055
WAITARA,747,7837,95.31708561949725
ENGADINE,1683,17736,94.89174560216509
CATTAI,102,1077,94.70752089136491
COBBITTY,396,4206,94.15121255349501
WEST HOXTON,949,10152,93.47911741528762
BARDWELL PARK,216,2320,93.10344827586208
NORTH RYDE,1293,14043,92.07434308908354
NARELLAN VALE,637,6931,91.90592988024817
KURRABA POINT,128,1401,91.3633119200571
BURWOOD HEIGHTS,103,1134,90.8289241622575
GLEN ALPINE,402,4429,90.76540979905171
PORT HACKING,109,1210,90.08264462809917
KELLYVILLE RIDGE,978,10890,89.80716253443525
BARDEN RIDGE,370,4129,89.61007507871155
GREENWICH,487,5469,89.0473578350704
EDENSOR PARK,912,10279,88.72458410351202
BAULKHAM HILLS,3301,37415,88.22664706668448
PITT TOWN,340,3871,87.83260139498837
ABBOTSBURY,367,4200,87.38095238095238
LINDFIELD,952,10943,86.99625331261994
CHISWICK,251,2909,86.28394637332417
ROSEVILLE,889,10340,85.97678916827853
HURSTVILLE GROVE,224,2606,85.95548733691481
MIDDLETON GRANGE,601,7043,85.33295470680108
MIDDLE COVE,113,1327,85.15448379804069
CREMORNE POINT,192,2270,84.58149779735683
NORTH CURL CURL,362,4288,84.42164179104478
FRENCHS FOREST,1203,14267,84.32045980234106
PARKLEA,306,3684,83.06188925081433
KELLYVILLE,2235,27011,82.7440672318685
ST JOHNS PARK,520,6302,82.51348778165661
GRAYS POINT,250,3034,82.39947264337508
ALLAWAH,440,5351,82.22762100541955
ACACIA GARDENS,301,3668,82.06106870229007
AVALON BEACH,843,10379,81.22169765873397
FIDDLETOWN,21,259,81.08108108108108
BEACON HILL,631,7814,80.75249552086
OATLEY,859,10664,80.55138784696175
KENTHURST,425,5313,79.99247129681912
ASHBURY,268,3353,79.92842230838056
RUSSELL LEA,393,4920,79.8780487804878
THE PONDS,1301,16315,79.74256818878332
PICNIC POINT,511,6413,79.68189614844846
HARRINGTON PARK,1062,13332,79.65796579657966
NAREMBURN,467,5924,78.83187035786631
NORTH KELLYVILLE,1365,17401,78.44376759956324
ELIZABETH HILLS,251,3208,78.24189526184539
PYMBLE,918,11775,77.96178343949045
DENISTONE,289,3726,77.5630703166935
LOFTUS,324,4190,77.32696897374703
ILLAWONG,573,7427,77.15093577487546
WOLLSTONECRAFT,626,8115,77.14109673444239
LOVETT BAY,9,117,76.92307692307693
YOWIE BAY,232,3053,75.99082869308876
MOUNT COLAH,591,7816,75.61412487205732
BURRANEER,279,3719,75.02016671148158
ELVINA BAY,6,80,75.0
CHATSWOOD WEST,114,1521,74.95069033530571
WARRAWEE,237,3170,74.76340694006309
WAHROONGA,1331,17853,74.55329636475662
CONNELLS POINT,214,2884,74.20249653259361
LUGARNO,433,5869,73.77747486795025
DENISTONE EAST,169,2292,73.7347294938918
CASTLE COVE,193,2643,73.0230798335225
KAREELA,260,3572,72.78835386338186
REVESBY HEIGHTS,138,1916,72.0250521920668
CLAREVILLE,59,822,71.77615571776155
LIBERTY GROVE,147,2055,71.53284671532846
CASTLECRAG,210,2965,70.82630691399663
FAIRLIGHT,427,6141,69.53264940563426
HUNTLEYS COVE,51,740,68.91891891891892
PADSTOW HEIGHTS,247,3594,68.72565386755704
CARINGBAH SOUTH,904,13168,68.65127582017011
ALLAMBIE HEIGHTS,502,7317,68.60735274019407
DENISTONE WEST,64,947,67.5818373812038
KILLARNEY HEIGHTS,301,4502,66.85917370057751
MAIANBAR,36,539,66.79035250463822
COASTERS RETREAT,2,30,66.66666666666667
BEAUMONT HILLS,589,9041,65.14766065700697
BARDWELL VALLEY,152,2344,64.84641638225256
OYSTER BAY,367,5689,64.51045878010194
DOLANS BAY,45,699,64.37768240343347
BILGOLA BEACH,16,251,63.745019920318725
ELANORA HEIGHTS,290,4581,63.30495524994542
WEST PYMBLE,344,5441,63.22367211909575
COTTAGE POINT,6,96,62.5
BEROWRA HEIGHTS,325,5286,61.483163072266365
PEAKHURST HEIGHTS,155,2524,61.41045958795563
BREAKFAST POINT,286,4678,61.137238135955535
YARRAWARRAH,169,2775,60.9009009009009
NORTH TURRAMURRA,255,4194,60.80114449213161
ALFORDS POINT,190,3131,60.68348770360907
WINDSOR DOWNS,71,1183,60.01690617075232
COLLAROY PLATEAU,286,4805,59.5213319458897
BALGOWLAH HEIGHTS,211,3546,59.503666102650875
WHEELER HEIGHTS,192,3232,59.4059405940594
SOUTH TURRAMURRA,190,3208,59.22693266832918
BEROWRA WATERS,10,169,59.171597633136095
SCOTLAND ISLAND,42,711,59.07172995780591
BEECROFT,598,10291,58.109027305412496
HORNSBY HEIGHTS,369,6354,58.07365439093484
WEST PENNANT HILLS,954,16620,57.40072202166065
ROSEVILLE CHASE,92,1618,56.86032138442522
EAST LINDFIELD,209,3710,56.33423180592992
GYMEA BAY,386,6983,55.27710153229271
DAVIDSON,150,2725,55.04587155963303
BONNET BAY,123,2238,54.9597855227882
CHERRYBROOK,1029,19082,53.92516507703595
EAST KILLARA,154,2895,53.19516407599309
NORTH EPPING,247,4657,53.038436761863856
NORTH WAHROONGA,111,2100,52.85714285714286
GLENHAVEN,349,6619,52.726998035957095
VOYAGER POINT,86,1678,51.25148986889154
BILGOLA PLATEAU,184,3650,50.41095890410959
NORTH BALGOWLAH,192,3816,50.314465408805034
EAST RYDE,126,2522,49.960348929421095
PLEASURE POINT,30,606,49.504950495049506
WORONORA HEIGHTS,128,2781,46.026609133405245
ST IVES CHASE,143,3283,43.557721596101125
KIRKHAM,30,690,43.47826086956522
WILLOUGHBY EAST,78,1864,41.84549356223176
WESTLEIGH,174,4501,38.65807598311486
DANGAR ISLAND,12,313,38.33865814696485
GILEAD,26,882,29.478458049886623
