Suburb,Amenities_Score
CHATSWOOD WEST,8.6
TENNYSON POINT,9.75
WILLOUGHBY EAST,7.89
BALGOWLAH HEIGHTS,4.86
LIBERTY GROVE,5.02
ST IVES CHASE,5.33
WESTLEIGH,7.61
EAST RYDE,5.09
MIDDLE COVE,4.03
ROSEVILLE CHASE,5.26
DAVIDSON,9.72
FAIRLIGHT,5.3
CHERRYBROOK,4.48
WHEELER HEIGHTS,5.5
VOYAGER POINT,5.41
NORTH WILLOUGHBY,4.42
CASTLE COVE,6.39
EAST KILLARA,7.66
WAREEMBA,4.57
WEST PYMBLE,4.09
BEECROFT,4.57
EAST LINDFIELD,6.37
BONNET BAY,4.15
WEST PENNANT HILLS,8.57
MOUNT KURING-GAI,4.31
ALFORDS POINT,8.24
NEWINGTON,5.43
CABARITA,9.98
CONNELLS POINT,7.49
RUSSELL LEA,6.4
CHELTENHAM,5.4
NORTH EPPING,4.13
BLAIR ATHOL,9.11
BILGOLA PLATEAU,4.01
QUEENSCLIFF,7.99
GABLES,4.97
COLLAROY PLATEAU,4.33
WAITARA,9.47
ASHBURY,9.9
BREAKFAST POINT,7.47
NORTH BALGOWLAH,7.97
WORONORA HEIGHTS,7.59
BARDWELL VALLEY,6.03
CANADA BAY,6.85
BIRCHGROVE,4.51
CARINGBAH SOUTH,6.46
REVESBY HEIGHTS,7.74
KILLARNEY HEIGHTS,9.92
ROSEVILLE,5.35
KYLE BAY,8.09
BURWOOD HEIGHTS,8.29
MCMAHONS POINT,5.6
LANE COVE NORTH,7.76
BEACONSFIELD,5.75
GLENHAVEN,4.31
BANGOR,7.67
PYMBLE,8.74
NORTH WAHROONGA,8.13
MIDDLE DURAL,7.8
PALM BEACH,8.5
HORNSBY HEIGHTS,6.18
OYSTER BAY,9.14
NORTHBRIDGE,8.24
PEAKHURST HEIGHTS,9.34
NAREMBURN,6.07
BAYVIEW,4.72
WARRAWEE,8.88
BURRANEER,8.39
WAHROONGA,8.33
FORESTVILLE,7.94
DENISTONE EAST,9.63
CLOVELLY,8.95
KAREELA,7.17
DENISTONE,8.82
RODD POINT,5.83
GYMEA BAY,5.91
KILLARA,4.59
NORTH TURRAMURRA,4.38
SOUTH TURRAMURRA,4.54
FRESHWATER,4.61
COMO,8.15
MOUNT COLAH,4.98
KENTHURST,7.19
BEACON HILL,9.12
CLONTARF,7.34
ALLAMBIE HEIGHTS,4.4
ELIZABETH HILLS,5.9
BEVERLEY PARK,7.56
CATTAI,4.46
BEROWRA HEIGHTS,6.57
LUGARNO,6.95
MORTLAKE,6.52
CHISWICK,6.56
WOLLSTONECRAFT,5.32
NORMANHURST,9.76
ST IVES,5.4
MARAYLYA,7.11
LILLI PILLI,8.86
WINDSOR DOWNS,9.68
AVALON BEACH,4.52
HARRINGTON PARK,5.81
LOFTUS,6.51
THE PONDS,6.71
WORONORA,4.16
CASTLECRAG,7.13
PADSTOW HEIGHTS,5.27
PITT TOWN,9.06
QUEENS PARK,7.18
BEAUMONT HILLS,6.5
WAVERTON,5.05
OATLEY,4.56
COBBITTY,5.47
CREMORNE POINT,5.56
BELROSE,9.0
SEAFORTH,6.54
EPPING,4.81
MARSFIELD,8.72
FRENCHS FOREST,4.3
OLD TOONGABBIE,5.91
TERREY HILLS,7.32
GREENHILLS BEACH,7.07
ST JOHNS PARK,9.92
OAKVILLE,5.49
CREMORNE,7.82
PARKLEA,6.12
NORTH KELLYVILLE,5.3
NORTH MANLY,7.59
BALGOWLAH,6.72
LINDFIELD,9.43
NORTH RYDE,8.26
GREENWICH,5.48
KELLYVILLE,5.85
LANE COVE,6.97
MACQUARIE LINKS,4.52
TURRAMURRA,7.33
PUTNEY,8.78
DOVER HEIGHTS,4.67
KOGARAH BAY,9.66
RIVERVIEW,7.59
PICNIC POINT,7.66
WOODPARK,9.66
YOWIE BAY,4.64
WILLOUGHBY,9.93
ELANORA HEIGHTS,6.92
BELLEVUE HILL,9.05
LONGUEVILLE,9.11
CLEMTON PARK,6.74
CARLTON,5.23
INGLESIDE,8.9
NORTH CURL CURL,6.9
HURSTVILLE GROVE,8.56
STANHOPE GARDENS,9.25
BEROWRA,6.82
ANNANGROVE,7.0
NEWPORT,6.71
MIDDLETON GRANGE,7.19
HOBARTVILLE,6.89
OATLANDS,5.38
CROMER,8.1
PENNANT HILLS,4.0
GORDON,4.83
HEATHCOTE,9.11
DARLING POINT,6.79
MOUNT VERNON,9.16
BLAKEHURST,8.79
WATTLE GROVE,9.67
ALLAWAH,4.76
CROYDON,7.06
GREENFIELD PARK,7.13
BARDWELL PARK,5.76
ELDERSLIE,8.29
BRONTE,9.63
LANE COVE WEST,8.0
CECIL HILLS,5.35
GALSTON,4.59
BERALA,9.98
KELLYVILLE RIDGE,7.59
KURRABA POINT,6.94
ABBOTSBURY,8.65
SANDRINGHAM,5.96
HABERFIELD,8.5
DURAL,7.83
CROYDON PARK,7.51
ABBOTSFORD,5.13
GLENORIE,7.09
HUNTERS HILL,4.01
ARCADIA,5.24
SPRING FARM,9.22
ENFIELD,6.06
GLEN ALPINE,9.18
YARRAWARRAH,8.59
CAMMERAY,4.67
BELFIELD,7.61
GRAYS POINT,9.31
WARRIEWOOD,5.1
VAUCLUSE,6.96
BAULKHAM HILLS,4.86
BONNYRIGG HEIGHTS,9.17
EARLWOOD,6.24
DUNDAS,6.08
GLENWOOD,8.65
WINSTON HILLS,5.71
ACACIA GARDENS,8.25
BUNGARRIBEE,5.9
ASQUITH,9.64
EASTWOOD,5.36
COLLAROY,7.16
MONTEREY,6.15
NORTH ROCKS,4.59
MELONBA,8.72
WOOLLAHRA,7.11
HURLSTONE PARK,5.33
BEXLEY NORTH,9.96
NARRABEEN,4.72
SANS SOUCI,7.35
CARLINGFORD,6.9
POINT PIPER,5.64
DENHAM COURT,4.26
KINGS LANGLEY,7.26
WAKELEY,6.47
EDENSOR PARK,9.85
DOLLS POINT,8.17
GEORGES HALL,8.54
BOSSLEY PARK,5.09
CADDENS,4.21
ILLAWONG,6.08
HOLSWORTHY,7.26
WEST HOXTON,9.64
NORTH BONDI,4.66
MOSMAN,7.02
GLEDSWOOD HILLS,7.86
BARDEN RIDGE,8.1
CHURCH POINT,5.92
KIRRIBILLI,5.08
GYMEA,8.27
BANKSIA,5.39
MOUNT ANNAN,6.43
NARRAWEENA,8.01
ENGADINE,8.89
GREYSTANES,4.36
COLEBEE,5.01
NORTH NARRABEEN,9.82
NORTH STRATHFIELD,8.19
GLENMORE PARK,6.62
MOUNT LEWIS,9.65
CURRANS HILL,7.48
BEXLEY,5.31
CHIPPING NORTON,8.71
BOTANY,7.54
GLADESVILLE,9.06
MEADOWBANK,7.74
WOODBINE,9.75
RYDE,9.24
GREEN VALLEY,7.84
DARLINGTON,7.93
CONCORD WEST,4.04
DUNDAS VALLEY,4.62
THORNLEIGH,4.55
HORNINGSEA PARK,6.95
WENTWORTH POINT,6.83
BERKSHIRE PARK,5.23
PEAKHURST,8.94
KINGSGROVE,7.27
KEARNS,6.39
SYLVANIA WATERS,4.03
GIRRAWEEN,7.08
HINCHINBROOK,4.64
TAMARAMA,4.18
BALMAIN EAST,8.56
FAIRFIELD WEST,8.99
ORAN PARK,4.43
STRATHFIELD SOUTH,4.8
MANLY VALE,6.47
LEPPINGTON,7.79
BOW BOWING,7.22
MORTDALE,4.83
CURL CURL,4.18
CONDELL PARK,8.81
ROSEBERY,4.68
BEVERLY HILLS,7.55
GREGORY HILLS,7.65
NARELLAN VALE,6.87
SCHOFIELDS,6.04
TALLAWONG,6.59
MELROSE PARK,6.11
ST ANDREWS,7.47
GUILDFORD WEST,7.17
PENSHURST,7.37
EAST HILLS,8.22
BLIGH PARK,6.96
CATHERINE FIELD,7.74
SOUTH HURSTVILLE,7.79
MULGOA,8.76
FAIRFIELD HEIGHTS,5.69
ERSKINE PARK,4.96
ANNANDALE,4.83
CASTLE HILL,9.51
TEMPE,5.69
POTTS HILL,5.63
RABY,5.56
HAMMONDVILLE,4.41
BELLA VISTA,6.13
RAMSGATE BEACH,7.16
ST CLAIR,9.76
SEFTON,5.17
NEUTRAL BAY,4.15
MONA VALE,4.54
ELIZABETH BAY,9.64
ARTARMON,9.47
BOX HILL,9.79
PORT HACKING,6.09
PANANIA,6.44
BARDIA,8.25
MENAI,4.49
ERSKINEVILLE,5.32
QUAKERS HILL,8.82
CLAREMONT MEADOWS,6.28
NARWEE,6.58
OAKHURST,7.59
ESCHOL PARK,6.93
ROSE BAY,8.85
CABRAMATTA WEST,6.21
DEE WHY,9.05
JORDAN SPRINGS,7.28
JANNALI,6.22
ROZELLE,6.82
CARSS PARK,9.47
SYLVANIA,7.93
DRUMMOYNE,4.61
MATRAVILLE,9.16
RUSE,4.24
MILPERRA,5.93
KIRRAWEE,8.81
RHODES,9.64
PADSTOW,7.46
BUNDEENA,4.47
CAMPSIE,5.62
EDMONDSON PARK,4.82
HOXTON PARK,5.95
WOOLOOWARE,8.52
BONDI,7.03
RANDWICK,8.07
DULWICH HILL,7.71
CONCORD,5.9
SUMMER HILL,6.43
FOREST LODGE,9.92
PAGEWOOD,9.89
CANTERBURY,7.04
YAGOONA,6.67
ROPES CROSSING,7.67
WERRINGTON DOWNS,4.24
WEST RYDE,8.71
GRANTHAM FARM,5.14
KENSINGTON,5.89
ORCHARD HILLS,9.62
LONDONDERRY,5.64
WOLLI CREEK,7.5
MARSDEN PARK,4.01
LITTLE BAY,7.32
PADDINGTON,8.7
BALMAIN,5.26
STANMORE,9.77
CENTENNIAL PARK,6.4
CANLEY VALE,8.38
BELMORE,5.44
CANLEY HEIGHTS,9.73
SOUTH WENTWORTHVILLE,7.27
ERMINGTON,9.9
WOODCROFT,9.82
ARNCLIFFE,7.39
MCGRATHS HILL,8.58
PEMULWUY,7.51
MOOREBANK,6.22
ROSELANDS,8.24
TURRELLA,5.08
ST HELENS PARK,4.6
WILEY PARK,6.14
DEAN PARK,8.21
LEWISHAM,6.55
KINGSFORD,4.04
ST LEONARDS,7.13
NORTH SYDNEY,5.22
FIVE DOCK,7.22
HOMEBUSH WEST,4.27
WAVERLEY,5.02
HORSLEY PARK,9.87
CARNES HILL,7.95
HOMEBUSH,9.39
OLD GUILDFORD,7.28
COOGEE,9.03
BIRRONG,5.5
ZETLAND,6.82
REGENTS PARK,8.71
PETERSHAM,6.59
WERRINGTON COUNTY,8.51
SOUTH COOGEE,6.44
ENMORE,9.1
LAKEMBA,6.91
ASHFIELD,7.65
ROCKDALE,5.3
RUSHCUTTERS BAY,5.12
EAGLE VALE,5.76
LEICHHARDT,6.81
MILSONS POINT,5.61
PUNCHBOWL,5.76
ST PETERS,8.17
STRATHFIELD,5.54
AUSTRAL,7.88
CONSTITUTION HILL,6.61
LURNEA,6.69
LILYFIELD,6.67
CROWS NEST,8.83
PLUMPTON,9.6
HILLSDALE,7.36
ROOTY HILL,7.27
CRONULLA,9.85
LIDCOMBE,7.0
PRESTONS,5.48
GREENACRE,7.64
NORWEST,4.74
RYDALMERE,9.88
MASCOT,9.46
HORNSBY,9.11
WENTWORTHVILLE,6.31
PRAIRIEWOOD,7.3
KOGARAH,5.56
SOUTH PENRITH,7.99
CHESTER HILL,7.18
HURSTVILLE,9.83
BRIGHTON-LE-SANDS,7.69
GLENFIELD,6.5
PROSPECT,8.48
SMITHFIELD,4.29
SOUTH GRANVILLE,7.21
TAREN POINT,7.12
BRADBURY,8.92
HASSALL GROVE,6.88
LLANDILO,4.21
BONNYRIGG,6.76
MOUNT PRITCHARD,9.9
MERRYLANDS WEST,4.79
HECKENBERG,6.24
KURNELL,4.04
CASULA,5.43
BRINGELLY,8.26
BASS HILL,7.95
RIVERSTONE,9.41
MAROUBRA,6.64
FAIRFIELD EAST,8.51
GLENDENNING,8.61
AUBURN,7.64
ROSEMEADOW,6.87
CASTLEREAGH,5.18
ROSSMORE,9.8
CHIFLEY,8.62
SUTHERLAND,5.48
TOONGABBIE,6.77
MILLERS POINT,4.48
SYDENHAM,4.5
NORTHMEAD,9.77
CHATSWOOD,7.24
PENDLE HILL,8.32
ROUSE HILL,8.07
NIRIMBA FIELDS,5.74
MINCHINBURY,8.36
CABRAMATTA,7.94
MIRANDA,4.97
KEMPS CREEK,5.74
MALABAR,5.2
LANSVALE,7.94
CAMBRIDGE PARK,8.2
MERRYLANDS,7.86
WESTMEAD,9.68
NORTH PARRAMATTA,4.47
EASTLAKES,6.46
MAYS HILL,5.05
GUILDFORD,7.89
SILVERWATER,4.46
REVESBY,10.0
EDGECLIFF,6.01
TELOPEA,4.24
RAMSGATE,4.49
BUSBY,9.39
MARRICKVILLE,5.8
DHARRUK,8.61
CARRAMAR,4.53
COLYTON,8.29
PYRMONT,6.88
LEUMEAH,8.7
HOLROYD,6.99
MARAYONG,6.22
OXLEY PARK,4.3
GRANVILLE,8.54
RIVERWOOD,8.42
MACQUARIE PARK,8.34
CRANEBROOK,9.0
KINGS PARK,6.1
DOUBLE BAY,6.79
INGLEBURN,5.94
FAIRFIELD,6.93
CARINGBAH,9.15
LUDDENHAM,7.49
ALEXANDRIA,4.68
MINTO,5.13
LALOR PARK,4.91
MANLY,9.75
ROSEHILL,7.79
CHIPPENDALE,7.03
ASHCROFT,5.73
BURWOOD,7.58
HEBERSHAM,9.56
HARRIS PARK,5.79
BONDI BEACH,7.03
BANKSTOWN,9.41
JAMISONTOWN,6.51
SOUTH WINDSOR,5.62
VILLAWOOD,4.86
AMBARVALE,7.39
RICHMOND,8.82
SEVEN HILLS,9.89
SADLEIR,5.91
SYDNEY OLYMPIC PARK,8.22
CAMBRIDGE GARDENS,8.58
CAMPERDOWN,8.44
ULTIMO,7.39
YENNORA,7.54
MACQUARIE FIELDS,6.78
WERRINGTON,7.41
DACEYVILLE,8.51
WETHERILL PARK,7.13
EASTGARDENS,6.71
WATERLOO,6.5
WHALAN,5.74
AIRDS,4.65
SHALVEY,7.84
NEWTOWN,5.76
BLACKTOWN,6.81
WARWICK FARM,5.73
VINEYARD,7.49
DOONSIDE,7.03
NARELLAN,4.57
NORTH ST MARYS,8.26
DARLINGHURST,7.22
LIVERPOOL,9.36
KINGSWOOD,6.97
CARTWRIGHT,7.97
BONDI JUNCTION,8.83
ST MARYS,6.88
BLACKETT,8.96
REDFERN,9.49
GLEBE,7.78
MOUNT DRUITT,4.29
MILLER,5.79
WOOLLOOMOOLOO,5.18
CLAYMORE,5.36
TREGEAR,6.46
PARRAMATTA,6.4
POTTS POINT,8.1
WILLMOT,7.33
BIDWILL,6.22
LETHBRIDGE PARK,5.38
CAMPBELLTOWN,8.59
SURRY HILLS,7.18
EMERTON,7.1
WINDSOR,7.49
BROOKVALE,9.43
PENRITH,8.87
HAYMARKET,9.09
SYDNEY,9.16
