postcode,Suburb,sport_and_recreation,clubs_and_community_halls,culture_and_tourism,religious,sports_and_amenities_score
2046,Abbotsford,0,0,0,0,1.1
2015,Alexandria,2,1,0,0,7.0
2218,Allawah,0,1,0,1,5.6
2038,Annandale,0,3,0,0,7.0
2205,Arncliffe,1,2,0,0,7.0
2064,Artarmon,2,2,0,0,8.1
2131,Ashfield,2,2,0,0,8.1
2077,Asquith,3,0,0,0,7.0
2144,Auburn,3,3,0,0,9.0
2041,Balmain,3,1,0,0,8.1
2216,Banksia,0,0,0,0,1.1
2019,Banksmeadow,0,0,0,0,1.1
2200,Bankstown,5,4,1,1,9.8
2207,Bardwell Park,0,0,0,0,1.1
2574,Bargo,1,2,0,0,7.0
2153,Baulkham Hills,1,2,0,0,7.0
2015,Beaconsfield,0,0,0,0,1.1
2119,Beecroft,0,0,0,0,1.1
2153,Bella Vista,0,1,0,0,3.5
2192,Belmore,1,5,0,0,9.0
2085,Belrose,1,2,0,0,7.0
2141,Berala,0,0,0,0,1.1
2081,Berowra,0,2,0,0,5.6
2209,Beverly Hills,0,0,0,1,3.5
2207,Bexley,3,1,0,0,8.1
2207,Bexley North,0,0,0,0,1.1
2041,Birchgrove,1,0,0,0,3.5
2143,Birrong,3,0,0,0,7.0
2785,Blackheath,1,0,0,0,3.5
2148,Blacktown,4,5,2,0,9.8
2774,Blaxland,1,1,0,0,5.6
2022,Bondi Junction,0,0,0,0,1.1
2177,Bonnyrigg,1,1,0,1,7.0
2176,Bossley Park,0,1,0,0,3.5
2019,Botany,4,1,0,2,9.3
2753,Bowen Mountain,0,1,0,0,3.5
2216,Brighton-Le-Sands,0,1,0,0,3.5
2008,Broadway,0,0,1,0,3.5
2024,Bronte,3,2,0,0,8.6
2083,Brooklyn,0,1,0,0,3.5
2100,Brookvale,0,1,0,0,3.5
2784,Bullaburra,0,0,0,0,1.1
2230,Burraneer,1,0,0,0,3.5
2134,Burwood,1,2,0,3,9.0
2137,Cabarita,1,0,0,0,3.5
2166,Cabramatta,3,2,0,2,9.3
2142,Camellia,0,0,0,0,1.1
2062,Cammeray,2,1,0,0,7.0
2560,Campbelltown,5,1,2,1,9.7
2194,Campsie,1,1,0,0,5.6
2166,Canley Vale,0,0,0,0,1.1
2193,Canterbury,3,5,0,0,9.5
2229,Caringbah,3,4,0,0,9.3
2118,Carlingford,1,0,0,1,5.6
2218,Carlton,0,0,0,1,3.5
2163,Carramar,0,0,0,0,1.1
2154,Castle Hill,1,3,0,0,8.1
2170,Casula,0,1,0,0,3.5
2021,Centennial Park,0,0,0,0,1.1
2067,Chatswood,2,6,0,0,9.5
2119,Cheltenham,1,0,0,0,3.5
2126,Cherrybrook,0,1,0,1,5.6
2162,Chester Hill,1,2,0,1,8.1
2046,Chiswick,0,1,0,0,3.5
2105,Church Point,0,0,0,1,3.5
2756,Clarendon,0,0,0,0,1.1
2097,Collaroy,1,2,0,0,7.0
2226,Como,1,0,0,1,5.6
2138,Concord West,0,0,0,0,1.1
2081,Cowan,0,1,0,0,3.5
2230,Cronulla,4,2,0,0,9.0
2065,Crows Nest,0,0,0,0,1.1
2132,Croydon,0,1,0,1,5.6
2010,Darlinghurst,0,0,0,0,1.1
2099,Dee Why,3,1,0,0,8.1
2565,Denham Court,0,0,0,1,3.5
2114,Denistone,1,1,0,0,5.6
2767,Doonside,0,2,0,0,5.6
2028,Double Bay,2,0,0,0,5.6
2569,Douglas Park,1,1,0,0,5.6
2047,Drummoyne,4,1,0,0,8.6
2203,Dulwich Hill,0,0,0,1,3.5
2117,Dundas,2,1,0,0,7.0
2117,Dundas Valley,0,0,0,0,1.1
2158,Dural,1,2,1,0,8.1
2213,East Hills,1,0,0,0,3.5
2766,Eastern Creek,0,0,0,0,1.1
2122,Eastwood,1,2,0,0,7.0
2027,Edgecliff,0,0,0,0,1.1
2174,Edmondson Park,0,0,0,0,1.1
2750,Emu Plains,1,1,0,0,5.6
2233,Engadine,2,1,0,1,8.1
2121,Epping,1,1,0,2,8.1
2759,Erskine Park,0,1,0,0,3.5
2043,Erskineville,0,0,0,0,1.1
2165,Fairfield,4,2,1,4,9.8
2776,Faulconbridge,0,1,0,0,3.5
2086,Frenchs Forest,0,1,0,0,3.5
2037,Glebe,0,1,0,0,3.5
2773,Glenbrook,2,1,1,0,8.1
2761,Glendenning,0,1,0,0,3.5
2167,Glenfield,0,3,0,0,7.0
2157,Glenorie,0,3,0,0,7.0
2768,Glenwood,0,1,0,0,3.5
2072,Gordon,3,0,0,0,7.0
2142,Granville,4,1,0,0,8.6
2190,Greenacre,2,0,0,0,5.6
2065,Greenwich,3,3,0,0,9.0
2161,Guildford,3,4,0,1,9.5
2161,Guildford West,0,0,0,0,1.1
2227,Gymea,2,1,0,0,7.0
2045,Haberfield,0,0,0,0,1.1
2150,Harris Park,0,0,0,0,1.1
2000,Haymarket,0,0,1,0,3.5
2779,Hazelbrook,1,0,0,0,3.5
2233,Heathcote,1,2,0,0,7.0
2036,Hillsdale,1,0,0,0,3.5
2173,Holsworthy,1,0,0,0,3.5
2140,Homebush,0,0,0,0,1.1
2140,Homebush West,0,0,0,0,1.1
2171,Horningsea Park,0,0,0,0,1.1
2077,Hornsby,1,2,0,0,7.0
2110,Hunters Hill,2,3,0,0,8.6
2193,Hurlstone Park,1,0,0,0,3.5
2220,Hurstville,2,1,1,6,9.7
2234,Illawong,0,1,0,0,3.5
2565,Ingleburn,1,2,0,0,7.0
2750,Jamisontown,0,0,0,0,1.1
2226,Jannali,0,0,0,2,5.6
2780,Katoomba,2,3,0,1,9.0
2155,Kellyville,1,1,0,0,5.6
2033,Kensington,0,0,0,1,3.5
2071,Killara,3,2,0,1,9.0
2032,Kingsford,0,0,0,2,5.6
2208,Kingsgrove,1,2,0,1,8.1
2232,Kirrawee,1,0,0,0,3.5
2061,Kirribilli,1,1,0,0,5.6
2217,Kogarah,3,1,0,2,9.0
2036,La Perouse,0,0,1,0,3.5
2195,Lakemba,1,2,0,0,7.0
2066,Lane Cove,4,3,0,0,9.3
2773,Lapstone,0,0,0,0,1.1
2783,Lawson,2,1,0,0,7.0
2040,Leichhardt,3,1,0,0,8.1
2179,Leppington,0,1,0,0,3.5
2560,Leumeah,0,0,0,0,1.1
2780,Leura,1,0,0,0,3.5
2049,Lewisham,0,0,0,0,1.1
2141,Lidcombe,1,3,0,0,8.1
2778,Linden,1,1,0,0,5.6
2070,Lindfield,1,3,0,0,8.1
2170,Liverpool,2,4,2,5,10.0
2232,Loftus,0,1,0,0,3.5
2066,Longueville,1,1,0,0,5.6
2564,Macquarie Fields,1,0,0,0,3.5
2113,Macquarie Park,0,0,0,0,1.1
2095,Manly,8,4,2,0,10.0
2093,Manly Vale,1,2,0,0,7.0
2148,Marayong,0,1,0,0,3.5
2035,Maroubra,1,0,0,3,8.1
2204,Marrickville,4,2,0,2,9.5
2765,Marsden Park,0,0,0,0,1.1
2020,Mascot,0,2,0,1,7.0
2036,Matraville,1,2,0,1,8.1
2060,Mcmahons Point,0,1,0,0,3.5
2114,Meadowbank,0,0,0,0,1.1
2785,Megalong Valley,0,0,0,0,1.1
2568,Menangle,0,0,0,0,1.1
2160,Merrylands,2,3,0,3,9.5
2061,Milsons Point,0,0,0,0,1.1
2566,Minto,1,3,1,0,8.6
2228,Miranda,0,3,0,0,7.0
2103,Mona Vale,3,3,0,0,9.0
2021,Moore Park,1,0,0,0,3.5
2170,Moorebank,1,1,0,0,5.6
2223,Mortdale,0,2,0,2,8.1
2088,Mosman,5,1,1,0,9.3
2567,Mount Annan,1,0,0,0,3.5
2079,Mount Colah,0,1,0,0,3.5
2770,Mount Druitt,0,2,0,0,5.6
2080,Mount Kuring-Gai,0,0,0,0,1.1
2786,Mount Victoria,0,0,1,0,3.5
2567,Narellan,0,0,0,0,1.1
2101,Narrabeen,2,2,0,1,8.6
2209,Narwee,0,0,0,1,3.5
2089,Neutral Bay,0,1,0,0,3.5
2127,Newington,0,1,0,0,3.5
2042,Newtown,0,0,0,0,1.1
2076,Normanhurst,0,0,0,0,1.1
2113,North Ryde,1,1,0,1,7.0
2760,North St Marys,0,1,0,0,3.5
2060,North Sydney,2,1,0,0,7.0
2063,Northbridge,5,1,0,0,9.0
2152,Northmead,1,0,0,0,3.5
2153,Norwest,0,0,0,0,1.1
2223,Oatley,0,1,0,2,7.0
2211,Padstow,1,1,0,0,5.6
2213,Panania,0,2,0,0,5.6
2150,Parramatta,2,5,1,2,9.7
2145,Pendle Hill,0,0,0,0,1.1
2120,Pennant Hills,2,0,0,0,5.6
2750,Penrith,6,4,2,0,9.9
2222,Penshurst,0,2,0,2,8.1
2049,Petersham,1,1,0,0,5.6
2571,Picton,2,0,0,0,5.6
2761,Plumpton,0,1,0,0,3.5
2011,Potts Point,0,0,0,0,1.1
2170,Prestons,0,0,0,0,1.1
2196,Punchbowl,0,1,0,0,3.5
2112,Putney,1,0,0,1,5.6
2073,Pymble,1,0,0,0,3.5
2009,Pyrmont,0,1,0,0,3.5
2763,Quakers Hill,0,2,0,0,5.6
2031,Randwick,3,3,0,2,9.5
2016,Redfern,1,2,0,0,7.0
2143,Regents Park,0,3,0,0,7.0
2212,Revesby,1,4,0,0,8.6
2138,Rhodes,0,0,0,0,1.1
2765,Riverstone,2,1,0,0,7.0
2210,Riverwood,1,1,0,1,7.0
2216,Rockdale,1,2,0,0,7.0
2766,Rooty Hill,2,1,0,0,7.0
2029,Rose Bay,0,1,0,2,7.0
2018,Rosebery,0,1,0,1,5.6
2196,Roselands,1,0,0,0,3.5
2069,Roseville,2,1,0,0,7.0
2155,Rouse Hill,0,1,2,0,7.0
2039,Rozelle,0,1,0,0,3.5
2011,Rushcutters Bay,0,1,0,0,3.5
2116,Rydalmere,1,0,0,0,3.5
2112,Ryde,4,3,0,1,9.5
2762,Schofields,0,1,0,0,3.5
2162,Sefton,1,0,0,0,3.5
2147,Seven Hills,0,2,0,0,5.6
2777,Springwood,3,8,0,0,9.8
2075,St Ives,1,2,0,0,7.0
2065,St Leonards,0,0,0,0,1.1
2760,St Marys,2,4,0,3,9.7
2044,St Peters,0,0,0,4,8.1
2048,Stanmore,0,1,0,0,3.5
2135,Strathfield,2,3,0,0,8.6
2130,Summer Hill,0,2,0,0,5.6
2010,Surry Hills,0,1,0,0,3.5
2232,Sutherland,4,4,0,1,9.7
2044,Sydenham,0,1,0,0,3.5
2127,Sydney Olympic Park,4,0,1,0,8.6
2573,Tahmoor,2,3,0,0,8.6
2117,Telopea,0,0,0,0,1.1
2044,Tempe,0,0,0,0,1.1
2000,The Rocks,0,0,0,0,1.1
2120,Thornleigh,0,1,0,0,3.5
2146,Toongabbie,1,1,0,0,5.6
2074,Turramurra,1,1,0,0,5.6
2205,Turrella,0,0,0,0,1.1
2007,Ultimo,0,2,0,0,5.6
2777,Valley Heights,0,0,1,0,3.5
2030,Vaucluse,3,0,0,1,8.1
2163,Villawood,0,1,0,0,3.5
2765,Vineyard,0,0,0,0,1.1
2076,Wahroonga,0,1,0,0,3.5
2077,Waitara,0,0,0,0,1.1
2074,Warrawee,1,0,0,0,3.5
2774,Warrimoo,0,1,0,0,3.5
2170,Warwick Farm,0,1,0,0,3.5
2233,Waterfall,0,0,1,0,3.5
2017,Waterloo,0,0,0,0,1.1
2030,Watsons Bay,1,0,0,0,3.5
2060,Waverton,0,1,0,0,3.5
2782,Wentworth Falls,1,1,0,0,5.6
2145,Wentworthville,1,1,0,0,5.6
2747,Werrington,0,2,0,0,5.6
2114,West Ryde,0,1,0,2,7.0
2145,Westmead,0,1,0,0,3.5
2164,Wetherill Park,1,0,0,0,3.5
2195,Wiley Park,0,0,0,0,1.1
2068,Willoughby,3,1,0,0,8.1
2571,Wilton,2,0,0,0,5.6
2756,Windsor,3,3,0,0,9.0
2065,Wollstonecraft,1,0,0,0,3.5
2778,Woodford,0,0,0,0,1.1
2025,Woollahra,2,1,0,0,7.0
2011,Woolloomooloo,0,1,0,0,3.5
2230,Woolooware,1,0,0,0,3.5
2199,Yagoona,0,0,0,0,1.1
2161,Yennora,0,0,0,0,1.1
2017,Zetland,0,0,0,0,1.1
