Suburb,SUBURB_JOIN_KEY,PRIMARY_ACCESS_POINTS,MODES_AVAILABLE,TRAVEL_ZONE_COUNT,TOTAL_RECORDS,BUS_STOPS,TRAIN_STATIONS,TRAIN_PLATFORMS,FERRY_WHARVES,LIGHT_RAIL_STATIONS,MATCH_STATUS,ACCESS_POINT_PERCENTILE,TRANSPORT_SCORE_10,TRANSPORT_RANK
Sydney,SYDNEY,166.0,4.0,68.0,184.0,109.0,7.0,18.0,28.0,22.0,Matched,98.25949367088607,9.86,1
Blacktown,BLACKTOWN,290.0,2.0,25.0,297.0,289.0,1.0,7.0,0.0,0.0,Matched,100.0,9.0,2
Castle Hill,CASTLE HILL,251.0,2.0,29.0,255.0,249.0,2.0,4.0,0.0,0.0,Matched,99.84177215189874,8.99,3
Parramatta,PARRAMATTA,114.0,3.0,32.0,118.0,112.0,1.0,4.0,1.0,0.0,Matched,93.35443037974683,8.97,4
Carlingford,CARLINGFORD,224.0,2.0,17.0,225.0,223.0,1.0,1.0,0.0,0.0,Matched,99.5253164556962,8.96,5
Mosman,MOSMAN,216.0,2.0,15.0,216.0,213.0,0.0,0.0,3.0,0.0,Matched,99.36708860759494,8.95,6
Bankstown,BANKSTOWN,201.0,2.0,24.0,203.0,200.0,1.0,2.0,0.0,0.0,Matched,99.20886075949366,8.94,7
Epping,EPPING,194.0,2.0,12.0,199.0,193.0,1.0,5.0,0.0,0.0,Matched,98.89240506329115,8.91,8
Auburn,AUBURN,190.0,2.0,22.0,194.0,189.0,1.0,4.0,0.0,0.0,Matched,98.73417721518987,8.9,9
Penrith,PENRITH,167.0,2.0,11.0,170.0,166.0,1.0,3.0,0.0,0.0,Matched,98.41772151898735,8.87,10
Merrylands,MERRYLANDS,165.0,2.0,18.0,167.0,164.0,1.0,2.0,0.0,0.0,Matched,98.10126582278481,8.85,11
Randwick,RANDWICK,164.0,2.0,17.0,164.0,154.0,0.0,0.0,0.0,10.0,Matched,97.94303797468355,8.84,12
Strathfield,STRATHFIELD,161.0,2.0,17.0,169.0,160.0,1.0,8.0,0.0,0.0,Matched,97.78481012658227,8.82,13
Campbelltown,CAMPBELLTOWN,158.0,2.0,15.0,165.0,156.0,2.0,7.0,0.0,0.0,Matched,97.62658227848101,8.81,14
Liverpool,LIVERPOOL,157.0,2.0,15.0,161.0,156.0,1.0,4.0,0.0,0.0,Matched,97.46835443037975,8.8,15
Yagoona,YAGOONA,153.0,2.0,15.0,155.0,152.0,1.0,2.0,0.0,0.0,Matched,97.31012658227847,8.78,16
Guildford,GUILDFORD,151.0,2.0,14.0,153.0,150.0,1.0,2.0,0.0,0.0,Matched,97.07278481012658,8.77,17
Wahroonga,WAHROONGA,149.0,2.0,13.0,151.0,148.0,1.0,2.0,0.0,0.0,Matched,96.83544303797468,8.75,18
Seven Hills,SEVEN HILLS,142.0,2.0,15.0,146.0,141.0,1.0,4.0,0.0,0.0,Matched,96.36075949367088,8.71,19
Cronulla,CRONULLA,93.0,3.0,7.0,95.0,91.0,1.0,2.0,1.0,0.0,Matched,89.71518987341773,8.68,20
Eastwood,EASTWOOD,137.0,2.0,10.0,141.0,136.0,1.0,4.0,0.0,0.0,Matched,95.96518987341773,8.68,20
Hurstville,HURSTVILLE,135.0,2.0,13.0,143.0,133.0,2.0,8.0,0.0,0.0,Matched,95.56962025316456,8.65,22
Engadine,ENGADINE,134.0,2.0,8.0,136.0,133.0,1.0,2.0,0.0,0.0,Matched,95.41139240506328,8.63,23
Quakers Hill,QUAKERS HILL,132.0,2.0,12.0,134.0,131.0,1.0,2.0,0.0,0.0,Matched,95.25316455696202,8.62,24
Revesby,REVESBY,131.0,2.0,12.0,135.0,130.0,1.0,4.0,0.0,0.0,Matched,95.09493670886076,8.61,25
Hornsby,HORNSBY,130.0,2.0,15.0,135.0,129.0,1.0,5.0,0.0,0.0,Matched,94.85759493670885,8.59,26
Kellyville,KELLYVILLE,130.0,2.0,15.0,132.0,129.0,1.0,2.0,0.0,0.0,Matched,94.85759493670885,8.59,26
Ingleburn,INGLEBURN,127.0,2.0,8.0,129.0,126.0,1.0,2.0,0.0,0.0,Matched,94.62025316455697,8.57,28
Lidcombe,LIDCOMBE,122.0,2.0,15.0,128.0,121.0,1.0,6.0,0.0,0.0,Matched,94.38291139240506,8.55,29
Chatswood,CHATSWOOD,117.0,2.0,16.0,121.0,116.0,1.0,4.0,0.0,0.0,Matched,93.9873417721519,8.52,30
Chester Hill,CHESTER HILL,116.0,2.0,6.0,118.0,115.0,1.0,2.0,0.0,0.0,Matched,93.82911392405063,8.51,31
North Ryde,NORTH RYDE,115.0,2.0,13.0,115.0,114.0,1.0,0.0,0.0,0.0,Matched,93.67088607594937,8.49,32
Baulkham Hills,BAULKHAM HILLS,235.0,1.0,20.0,235.0,235.0,0.0,0.0,0.0,0.0,Matched,99.68354430379746,8.47,33
Cherrybrook,CHERRYBROOK,114.0,2.0,11.0,116.0,113.0,1.0,2.0,0.0,0.0,Matched,93.35443037974683,8.47,33
Concord,CONCORD,114.0,2.0,8.0,114.0,113.0,0.0,0.0,1.0,0.0,Matched,93.35443037974683,8.47,33
St Marys,ST MARYS,113.0,2.0,11.0,115.0,112.0,1.0,2.0,0.0,0.0,Matched,93.0379746835443,8.44,36
Greenacre,GREENACRE,195.0,1.0,12.0,195.0,195.0,0.0,0.0,0.0,0.0,Matched,99.0506329113924,8.42,37
Rouse Hill,ROUSE HILL,109.0,2.0,11.0,113.0,107.0,2.0,4.0,0.0,0.0,Matched,92.5632911392405,8.41,38
Greystanes,GREYSTANES,183.0,1.0,14.0,183.0,183.0,0.0,0.0,0.0,0.0,Matched,98.57594936708861,8.39,39
Macquarie Fields,MACQUARIE FIELDS,107.0,2.0,5.0,109.0,106.0,1.0,2.0,0.0,0.0,Matched,92.32594936708861,8.39,39
Punchbowl,PUNCHBOWL,107.0,2.0,14.0,109.0,106.0,1.0,2.0,0.0,0.0,Matched,92.32594936708861,8.39,39
Miranda,MIRANDA,106.0,2.0,13.0,108.0,105.0,1.0,2.0,0.0,0.0,Matched,92.00949367088607,8.36,42
Casula,CASULA,103.0,2.0,6.0,105.0,102.0,1.0,2.0,0.0,0.0,Matched,91.69303797468355,8.34,43
Kingsgrove,KINGSGROVE,103.0,2.0,9.0,105.0,102.0,1.0,2.0,0.0,0.0,Matched,91.69303797468355,8.34,43
Minto,MINTO,102.0,2.0,7.0,104.0,101.0,1.0,2.0,0.0,0.0,Matched,91.45569620253164,8.32,45
Ashfield,ASHFIELD,98.0,2.0,10.0,103.0,97.0,1.0,5.0,0.0,0.0,Matched,91.06012658227847,8.28,46
Mount Druitt,MOUNT DRUITT,98.0,2.0,7.0,102.0,97.0,1.0,4.0,0.0,0.0,Matched,91.06012658227847,8.28,46
Padstow,PADSTOW,97.0,2.0,9.0,99.0,96.0,1.0,2.0,0.0,0.0,Matched,90.82278481012658,8.27,48
West Pennant Hills,WEST PENNANT HILLS,151.0,1.0,9.0,151.0,151.0,0.0,0.0,0.0,0.0,Matched,97.07278481012658,8.27,48
Kingswood,KINGSWOOD,96.0,2.0,6.0,98.0,95.0,1.0,2.0,0.0,0.0,Matched,90.58544303797468,8.25,50
Thornleigh,THORNLEIGH,96.0,2.0,5.0,99.0,95.0,1.0,3.0,0.0,0.0,Matched,90.58544303797468,8.25,50
Bexley,BEXLEY,148.0,1.0,14.0,148.0,148.0,0.0,0.0,0.0,0.0,Matched,96.67721518987342,8.23,52
Macquarie Park,MACQUARIE PARK,95.0,2.0,17.0,101.0,93.0,2.0,6.0,0.0,0.0,Matched,90.26898734177216,8.22,53
Ryde,RYDE,146.0,1.0,17.0,146.0,146.0,0.0,0.0,0.0,0.0,Matched,96.51898734177216,8.22,53
Maroubra,MAROUBRA,138.0,1.0,12.0,138.0,138.0,0.0,0.0,0.0,0.0,Matched,96.20253164556962,8.2,55
Villawood,VILLAWOOD,94.0,2.0,6.0,98.0,92.0,2.0,4.0,0.0,0.0,Matched,90.03164556962025,8.2,55
Riverstone,RIVERSTONE,93.0,2.0,11.0,95.0,92.0,1.0,2.0,0.0,0.0,Matched,89.71518987341773,8.18,57
Smithfield,SMITHFIELD,137.0,1.0,11.0,137.0,137.0,0.0,0.0,0.0,0.0,Matched,95.96518987341773,8.18,57
Wetherill Park,WETHERILL PARK,136.0,1.0,11.0,136.0,136.0,0.0,0.0,0.0,0.0,Matched,95.72784810126582,8.16,59
Caringbah,CARINGBAH,91.0,2.0,8.0,93.0,90.0,1.0,2.0,0.0,0.0,Matched,89.08227848101265,8.13,60
Granville,GRANVILLE,90.0,2.0,12.0,99.0,88.0,2.0,9.0,0.0,0.0,Matched,88.92405063291139,8.11,61
Glenmore Park,GLENMORE PARK,122.0,1.0,9.0,122.0,122.0,0.0,0.0,0.0,0.0,Matched,94.38291139240506,8.05,62
Cabramatta,CABRAMATTA,87.0,2.0,10.0,89.0,86.0,1.0,2.0,0.0,0.0,Matched,88.05379746835443,8.04,63
Turramurra,TURRAMURRA,87.0,2.0,7.0,89.0,86.0,1.0,2.0,0.0,0.0,Matched,88.05379746835443,8.04,63
St Ives,ST IVES,118.0,1.0,7.0,118.0,118.0,0.0,0.0,0.0,0.0,Matched,94.14556962025317,8.03,65
Vaucluse,VAUCLUSE,86.0,2.0,5.0,86.0,85.0,0.0,0.0,1.0,0.0,Matched,87.65822784810126,8.01,66
Doonside,DOONSIDE,85.0,2.0,5.0,89.0,84.0,1.0,4.0,0.0,0.0,Matched,87.34177215189874,7.99,67
Leumeah,LEUMEAH,85.0,2.0,6.0,87.0,84.0,1.0,2.0,0.0,0.0,Matched,87.34177215189874,7.99,67
Schofields,SCHOFIELDS,85.0,2.0,15.0,87.0,84.0,1.0,2.0,0.0,0.0,Matched,87.34177215189874,7.99,67
Marrickville,MARRICKVILLE,84.0,2.0,17.0,86.0,83.0,1.0,2.0,0.0,0.0,Matched,86.86708860759494,7.95,70
Kenthurst,KENTHURST,112.0,1.0,4.0,112.0,112.0,0.0,0.0,0.0,0.0,Matched,92.87974683544303,7.93,71
Cranebrook,CRANEBROOK,111.0,1.0,8.0,111.0,111.0,0.0,0.0,0.0,0.0,Matched,92.72151898734177,7.92,72
Rydalmere,RYDALMERE,66.0,3.0,8.0,67.0,64.0,1.0,1.0,1.0,0.0,Matched,80.22151898734177,7.92,72
Mount Colah,MOUNT COLAH,82.0,2.0,3.0,84.0,81.0,1.0,2.0,0.0,0.0,Matched,86.39240506329115,7.91,74
Roseville,ROSEVILLE,80.0,2.0,9.0,82.0,79.0,1.0,2.0,0.0,0.0,Matched,85.91772151898735,7.87,75
Frenchs Forest,FRENCHS FOREST,106.0,1.0,15.0,106.0,106.0,0.0,0.0,0.0,0.0,Matched,92.00949367088607,7.86,76
Edmondson Park,EDMONDSON PARK,79.0,2.0,5.0,81.0,78.0,1.0,2.0,0.0,0.0,Matched,85.28481012658227,7.82,77
Hunters Hill,HUNTERS HILL,79.0,2.0,4.0,79.0,78.0,0.0,0.0,1.0,0.0,Matched,85.28481012658227,7.82,77
Lindfield,LINDFIELD,79.0,2.0,6.0,82.0,78.0,1.0,3.0,0.0,0.0,Matched,85.28481012658227,7.82,77
Riverwood,RIVERWOOD,79.0,2.0,8.0,81.0,78.0,1.0,2.0,0.0,0.0,Matched,85.28481012658227,7.82,77
St Clair,ST CLAIR,100.0,1.0,7.0,100.0,100.0,0.0,0.0,0.0,0.0,Matched,91.29746835443038,7.8,81
Manly,MANLY,78.0,2.0,10.0,78.0,75.0,0.0,0.0,3.0,0.0,Matched,84.65189873417721,7.77,82
West Ryde,WEST RYDE,77.0,2.0,8.0,80.0,76.0,1.0,3.0,0.0,0.0,Matched,84.33544303797468,7.75,83
Avalon Beach,AVALON BEACH,95.0,1.0,5.0,95.0,95.0,0.0,0.0,0.0,0.0,Matched,90.26898734177216,7.72,84
Pymble,PYMBLE,75.0,2.0,5.0,77.0,74.0,1.0,2.0,0.0,0.0,Matched,83.93987341772153,7.72,84
Wentworthville,WENTWORTHVILLE,75.0,2.0,8.0,79.0,74.0,1.0,4.0,0.0,0.0,Matched,83.93987341772153,7.72,84
Earlwood,EARLWOOD,93.0,1.0,7.0,93.0,93.0,0.0,0.0,0.0,0.0,Matched,89.71518987341773,7.68,87
Dural,DURAL,92.0,1.0,6.0,92.0,92.0,0.0,0.0,0.0,0.0,Matched,89.31962025316456,7.65,88
Peakhurst,PEAKHURST,92.0,1.0,7.0,92.0,92.0,0.0,0.0,0.0,0.0,Matched,89.31962025316456,7.65,88
Kirrawee,KIRRAWEE,73.0,2.0,6.0,75.0,72.0,1.0,2.0,0.0,0.0,Matched,82.91139240506328,7.63,90
Rooty Hill,ROOTY HILL,73.0,2.0,7.0,77.0,72.0,1.0,4.0,0.0,0.0,Matched,82.91139240506328,7.63,90
Condell Park,CONDELL PARK,88.0,1.0,7.0,88.0,88.0,0.0,0.0,0.0,0.0,Matched,88.60759493670885,7.59,92
Mona Vale,MONA VALE,88.0,1.0,9.0,88.0,88.0,0.0,0.0,0.0,0.0,Matched,88.60759493670885,7.59,92
Prestons,PRESTONS,88.0,1.0,10.0,88.0,88.0,0.0,0.0,0.0,0.0,Matched,88.60759493670885,7.59,92
Fairfield,FAIRFIELD,72.0,2.0,9.0,74.0,71.0,1.0,2.0,0.0,0.0,Matched,82.1993670886076,7.58,95
Panania,PANANIA,72.0,2.0,7.0,74.0,71.0,1.0,2.0,0.0,0.0,Matched,82.1993670886076,7.58,95
Lakemba,LAKEMBA,71.0,2.0,6.0,73.0,70.0,1.0,2.0,0.0,0.0,Matched,81.7246835443038,7.54,97
Moorebank,MOOREBANK,87.0,1.0,10.0,87.0,87.0,0.0,0.0,0.0,0.0,Matched,88.05379746835443,7.54,97
Roselands,ROSELANDS,87.0,1.0,4.0,87.0,87.0,0.0,0.0,0.0,0.0,Matched,88.05379746835443,7.54,97
Campsie,CAMPSIE,70.0,2.0,11.0,73.0,69.0,1.0,3.0,0.0,0.0,Matched,81.40822784810126,7.51,100
Leppington,LEPPINGTON,67.0,2.0,11.0,71.0,66.0,1.0,4.0,0.0,0.0,Matched,80.85443037974683,7.47,101
Mount Pritchard,MOUNT PRITCHARD,84.0,1.0,5.0,84.0,84.0,0.0,0.0,0.0,0.0,Matched,86.86708860759494,7.45,102
North Parramatta,NORTH PARRAMATTA,84.0,1.0,11.0,84.0,84.0,0.0,0.0,0.0,0.0,Matched,86.86708860759494,7.45,102
Alexandria,ALEXANDRIA,66.0,2.0,9.0,68.0,65.0,1.0,2.0,0.0,0.0,Matched,80.22151898734177,7.42,104
Mascot,MASCOT,66.0,2.0,11.0,72.0,63.0,3.0,6.0,0.0,0.0,Matched,80.22151898734177,7.42,104
Box Hill,BOX HILL,82.0,1.0,8.0,82.0,82.0,0.0,0.0,0.0,0.0,Matched,86.39240506329115,7.41,106
Winston Hills,WINSTON HILLS,82.0,1.0,6.0,82.0,82.0,0.0,0.0,0.0,0.0,Matched,86.39240506329115,7.41,106
Glenhaven,GLENHAVEN,80.0,1.0,4.0,80.0,80.0,0.0,0.0,0.0,0.0,Matched,85.91772151898735,7.37,108
Heathcote,HEATHCOTE,65.0,2.0,3.0,67.0,64.0,1.0,2.0,0.0,0.0,Matched,79.58860759493672,7.37,108
North Rocks,NORTH ROCKS,80.0,1.0,6.0,80.0,80.0,0.0,0.0,0.0,0.0,Matched,85.91772151898735,7.37,108
Beverly Hills,BEVERLY HILLS,64.0,2.0,9.0,66.0,63.0,1.0,2.0,0.0,0.0,Matched,79.11392405063292,7.33,111
South Penrith,SOUTH PENRITH,79.0,1.0,4.0,79.0,79.0,0.0,0.0,0.0,0.0,Matched,85.28481012658227,7.32,112
Belmore,BELMORE,63.0,2.0,7.0,65.0,62.0,1.0,2.0,0.0,0.0,Matched,78.56012658227847,7.28,113
Bass Hill,BASS HILL,78.0,1.0,8.0,78.0,78.0,0.0,0.0,0.0,0.0,Matched,84.65189873417721,7.27,114
Dee Why,DEE WHY,78.0,1.0,10.0,78.0,78.0,0.0,0.0,0.0,0.0,Matched,84.65189873417721,7.27,114
North Sydney,NORTH SYDNEY,51.0,3.0,15.0,55.0,48.0,2.0,4.0,1.0,0.0,Matched,71.99367088607595,7.26,116
Killara,KILLARA,62.0,2.0,7.0,64.0,61.0,1.0,2.0,0.0,0.0,Matched,78.00632911392405,7.24,117
Kingsford,KINGSFORD,62.0,2.0,8.0,62.0,56.0,0.0,0.0,0.0,6.0,Matched,78.00632911392405,7.24,117
Rose Bay,ROSE BAY,62.0,2.0,6.0,62.0,61.0,0.0,0.0,1.0,0.0,Matched,78.00632911392405,7.24,117
Belrose,BELROSE,75.0,1.0,5.0,75.0,75.0,0.0,0.0,0.0,0.0,Matched,83.93987341772153,7.22,120
Ermington,ERMINGTON,75.0,1.0,6.0,75.0,75.0,0.0,0.0,0.0,0.0,Matched,83.93987341772153,7.22,120
Sydney Olympic Park,SYDNEY OLYMPIC PARK,50.0,3.0,7.0,54.0,45.0,1.0,4.0,4.0,0.0,Matched,71.43987341772153,7.22,120
Glenwood,GLENWOOD,74.0,1.0,4.0,74.0,74.0,0.0,0.0,0.0,0.0,Matched,83.46518987341773,7.18,123
West Pymble,WEST PYMBLE,74.0,1.0,2.0,74.0,74.0,0.0,0.0,0.0,0.0,Matched,83.46518987341773,7.18,123
Leichhardt,LEICHHARDT,60.0,2.0,7.0,60.0,51.0,0.0,0.0,0.0,9.0,Matched,77.13607594936708,7.17,125
Haymarket,HAYMARKET,49.0,3.0,13.0,73.0,32.0,1.0,24.0,0.0,16.0,Matched,70.80696202531645,7.16,126
Caringbah South,CARINGBAH SOUTH,73.0,1.0,8.0,73.0,73.0,0.0,0.0,0.0,0.0,Matched,82.91139240506328,7.13,127
Chipping Norton,CHIPPING NORTON,73.0,1.0,5.0,73.0,73.0,0.0,0.0,0.0,0.0,Matched,82.91139240506328,7.13,127
Sylvania,SYLVANIA,73.0,1.0,5.0,73.0,73.0,0.0,0.0,0.0,0.0,Matched,82.91139240506328,7.13,127
Toongabbie,TOONGABBIE,59.0,2.0,6.0,63.0,58.0,1.0,4.0,0.0,0.0,Matched,76.66139240506328,7.13,127
Glebe,GLEBE,48.0,3.0,6.0,48.0,41.0,0.0,0.0,1.0,6.0,Matched,70.25316455696202,7.12,131
Bella Vista,BELLA VISTA,58.0,2.0,11.0,60.0,57.0,1.0,2.0,0.0,0.0,Matched,76.26582278481013,7.1,132
Croydon,CROYDON,58.0,2.0,10.0,63.0,57.0,1.0,5.0,0.0,0.0,Matched,76.26582278481013,7.1,132
Rockdale,ROCKDALE,58.0,2.0,9.0,62.0,57.0,1.0,4.0,0.0,0.0,Matched,76.26582278481013,7.1,132
Bellevue Hill,BELLEVUE HILL,72.0,1.0,8.0,72.0,72.0,0.0,0.0,0.0,0.0,Matched,82.1993670886076,7.08,135
Lurnea,LURNEA,72.0,1.0,3.0,72.0,72.0,0.0,0.0,0.0,0.0,Matched,82.1993670886076,7.08,135
Berala,BERALA,57.0,2.0,5.0,59.0,56.0,1.0,2.0,0.0,0.0,Matched,75.87025316455697,7.07,137
Lane Cove,LANE COVE,71.0,1.0,5.0,71.0,71.0,0.0,0.0,0.0,0.0,Matched,81.7246835443038,7.04,138
Penshurst,PENSHURST,56.0,2.0,8.0,58.0,55.0,1.0,2.0,0.0,0.0,Matched,75.31645569620254,7.03,139
Green Valley,GREEN VALLEY,70.0,1.0,4.0,70.0,70.0,0.0,0.0,0.0,0.0,Matched,81.40822784810126,7.01,140
Horsley Park,HORSLEY PARK,68.0,1.0,4.0,68.0,68.0,0.0,0.0,0.0,0.0,Matched,81.17088607594937,6.99,141
Bradbury,BRADBURY,67.0,1.0,3.0,67.0,67.0,0.0,0.0,0.0,0.0,Matched,80.85443037974683,6.97,142
Greenwich,GREENWICH,55.0,2.0,4.0,55.0,53.0,0.0,0.0,2.0,0.0,Matched,74.60443037974683,6.97,142
South Wentworthville,SOUTH WENTWORTHVILLE,67.0,1.0,6.0,67.0,67.0,0.0,0.0,0.0,0.0,Matched,80.85443037974683,6.97,142
Marsfield,MARSFIELD,66.0,1.0,7.0,66.0,66.0,0.0,0.0,0.0,0.0,Matched,80.22151898734177,6.92,145
Seaforth,SEAFORTH,66.0,1.0,2.0,66.0,66.0,0.0,0.0,0.0,0.0,Matched,80.22151898734177,6.92,145
Dulwich Hill,DULWICH HILL,45.0,3.0,8.0,47.0,33.0,1.0,2.0,0.0,11.0,Matched,67.5632911392405,6.91,147
Burwood,BURWOOD,54.0,2.0,12.0,60.0,53.0,1.0,6.0,0.0,0.0,Matched,73.65506329113924,6.89,148
Gymea,GYMEA,54.0,2.0,6.0,56.0,53.0,1.0,2.0,0.0,0.0,Matched,73.65506329113924,6.89,148
Oatley,OATLEY,54.0,2.0,6.0,56.0,53.0,1.0,2.0,0.0,0.0,Matched,73.65506329113924,6.89,148
Five Dock,FIVE DOCK,65.0,1.0,7.0,65.0,65.0,0.0,0.0,0.0,0.0,Matched,79.58860759493672,6.87,151
Gladesville,GLADESVILLE,65.0,1.0,8.0,65.0,65.0,0.0,0.0,0.0,0.0,Matched,79.58860759493672,6.87,151
Cromer,CROMER,64.0,1.0,4.0,64.0,64.0,0.0,0.0,0.0,0.0,Matched,79.11392405063292,6.83,153
Menai,MENAI,64.0,1.0,4.0,64.0,64.0,0.0,0.0,0.0,0.0,Matched,79.11392405063292,6.83,153
Glenfield,GLENFIELD,52.0,2.0,4.0,56.0,51.0,1.0,4.0,0.0,0.0,Matched,72.54746835443038,6.8,155
Kogarah,KOGARAH,52.0,2.0,8.0,56.0,51.0,1.0,4.0,0.0,0.0,Matched,72.54746835443038,6.8,155
Balgowlah,BALGOWLAH,63.0,1.0,5.0,63.0,63.0,0.0,0.0,0.0,0.0,Matched,78.56012658227847,6.78,157
Bossley Park,BOSSLEY PARK,63.0,1.0,5.0,63.0,63.0,0.0,0.0,0.0,0.0,Matched,78.56012658227847,6.78,157
Georges Hall,GEORGES HALL,63.0,1.0,4.0,63.0,63.0,0.0,0.0,0.0,0.0,Matched,78.56012658227847,6.78,157
Beecroft,BEECROFT,51.0,2.0,5.0,53.0,50.0,1.0,2.0,0.0,0.0,Matched,71.99367088607595,6.76,160
Carlton,CARLTON,50.0,2.0,7.0,54.0,49.0,1.0,4.0,0.0,0.0,Matched,71.43987341772153,6.72,161
Marayong,MARAYONG,50.0,2.0,4.0,52.0,49.0,1.0,2.0,0.0,0.0,Matched,71.43987341772153,6.72,161
Freshwater,FRESHWATER,61.0,1.0,6.0,61.0,61.0,0.0,0.0,0.0,0.0,Matched,77.61075949367088,6.71,163
Kings Langley,KINGS LANGLEY,61.0,1.0,4.0,61.0,61.0,0.0,0.0,0.0,0.0,Matched,77.61075949367088,6.71,163
Colyton,COLYTON,60.0,1.0,3.0,60.0,60.0,0.0,0.0,0.0,0.0,Matched,77.13607594936708,6.67,165
Eastern Creek,EASTERN CREEK,60.0,1.0,5.0,60.0,60.0,0.0,0.0,0.0,0.0,Matched,77.13607594936708,6.67,165
Fairfield West,FAIRFIELD WEST,60.0,1.0,4.0,60.0,60.0,0.0,0.0,0.0,0.0,Matched,77.13607594936708,6.67,165
Loftus,LOFTUS,49.0,2.0,2.0,51.0,48.0,1.0,2.0,0.0,0.0,Matched,70.80696202531645,6.66,168
Fairfield East,FAIRFIELD EAST,59.0,1.0,4.0,59.0,59.0,0.0,0.0,0.0,0.0,Matched,76.66139240506328,6.63,169
Newport,NEWPORT,48.0,2.0,5.0,48.0,47.0,0.0,0.0,1.0,0.0,Matched,70.25316455696202,6.62,170
Surry Hills,SURRY HILLS,41.0,3.0,12.0,42.0,37.0,0.0,1.0,0.0,4.0,Matched,63.60759493670886,6.59,171
Bondi Junction,BONDI JUNCTION,47.0,2.0,6.0,49.0,46.0,1.0,2.0,0.0,0.0,Matched,69.6993670886076,6.58,172
Drummoyne,DRUMMOYNE,47.0,2.0,5.0,47.0,45.0,0.0,0.0,2.0,0.0,Matched,69.6993670886076,6.58,172
Minchinbury,MINCHINBURY,57.0,1.0,4.0,57.0,57.0,0.0,0.0,0.0,0.0,Matched,75.87025316455697,6.57,174
Bonnyrigg,BONNYRIGG,56.0,1.0,4.0,56.0,56.0,0.0,0.0,0.0,0.0,Matched,75.31645569620254,6.53,175
Bonnyrigg Heights,BONNYRIGG HEIGHTS,56.0,1.0,2.0,56.0,56.0,0.0,0.0,0.0,0.0,Matched,75.31645569620254,6.53,175
South Granville,SOUTH GRANVILLE,56.0,1.0,4.0,56.0,56.0,0.0,0.0,0.0,0.0,Matched,75.31645569620254,6.53,175
South Windsor,SOUTH WINDSOR,56.0,1.0,4.0,56.0,56.0,0.0,0.0,0.0,0.0,Matched,75.31645569620254,6.53,175
Pennant Hills,PENNANT HILLS,46.0,2.0,4.0,49.0,45.0,1.0,3.0,0.0,0.0,Matched,68.82911392405063,6.51,179
Regents Park,REGENTS PARK,46.0,2.0,6.0,48.0,45.0,1.0,2.0,0.0,0.0,Matched,68.82911392405063,6.51,179
Pyrmont,PYRMONT,40.0,3.0,7.0,40.0,22.0,0.0,0.0,3.0,15.0,Matched,62.2626582278481,6.48,181
Hornsby Heights,HORNSBY HEIGHTS,55.0,1.0,4.0,55.0,55.0,0.0,0.0,0.0,0.0,Matched,74.60443037974683,6.47,182
North Kellyville,NORTH KELLYVILLE,55.0,1.0,5.0,55.0,55.0,0.0,0.0,0.0,0.0,Matched,74.60443037974683,6.47,182
Warriewood,WARRIEWOOD,55.0,1.0,6.0,55.0,55.0,0.0,0.0,0.0,0.0,Matched,74.60443037974683,6.47,182
Berowra,BEROWRA,45.0,2.0,2.0,48.0,44.0,1.0,3.0,0.0,0.0,Matched,67.5632911392405,6.41,185
Canley Vale,CANLEY VALE,45.0,2.0,6.0,47.0,44.0,1.0,2.0,0.0,0.0,Matched,67.5632911392405,6.41,185
Blakehurst,BLAKEHURST,54.0,1.0,4.0,54.0,54.0,0.0,0.0,0.0,0.0,Matched,73.65506329113924,6.39,187
Illawong,ILLAWONG,54.0,1.0,3.0,54.0,54.0,0.0,0.0,0.0,0.0,Matched,73.65506329113924,6.39,187
Matraville,MATRAVILLE,54.0,1.0,8.0,54.0,54.0,0.0,0.0,0.0,0.0,Matched,73.65506329113924,6.39,187
Merrylands West,MERRYLANDS WEST,54.0,1.0,3.0,54.0,54.0,0.0,0.0,0.0,0.0,Matched,73.65506329113924,6.39,187
Milperra,MILPERRA,54.0,1.0,4.0,54.0,54.0,0.0,0.0,0.0,0.0,Matched,73.65506329113924,6.39,187
Lane Cove North,LANE COVE NORTH,53.0,1.0,5.0,53.0,53.0,0.0,0.0,0.0,0.0,Matched,72.94303797468355,6.34,192
Westmead,WESTMEAD,44.0,2.0,10.0,48.0,43.0,1.0,4.0,0.0,0.0,Matched,66.37658227848101,6.31,193
Harrington Park,HARRINGTON PARK,52.0,1.0,5.0,52.0,52.0,0.0,0.0,0.0,0.0,Matched,72.54746835443038,6.3,194
Sans Souci,SANS SOUCI,52.0,1.0,4.0,52.0,52.0,0.0,0.0,0.0,0.0,Matched,72.54746835443038,6.3,194
Wattle Grove,WATTLE GROVE,51.0,1.0,3.0,51.0,51.0,0.0,0.0,0.0,0.0,Matched,71.99367088607595,6.26,196
Kensington,KENSINGTON,43.0,2.0,8.0,43.0,34.0,0.0,0.0,0.0,9.0,Matched,65.58544303797468,6.25,197
Richmond,RICHMOND,43.0,2.0,5.0,46.0,41.0,2.0,3.0,0.0,0.0,Matched,65.58544303797468,6.25,197
Erskine Park,ERSKINE PARK,50.0,1.0,3.0,50.0,50.0,0.0,0.0,0.0,0.0,Matched,71.43987341772153,6.22,199
Normanhurst,NORMANHURST,42.0,2.0,4.0,44.0,41.0,1.0,2.0,0.0,0.0,Matched,64.79430379746836,6.18,200
Dover Heights,DOVER HEIGHTS,49.0,1.0,3.0,49.0,49.0,0.0,0.0,0.0,0.0,Matched,70.80696202531645,6.16,201
Rosebery,ROSEBERY,49.0,1.0,8.0,49.0,49.0,0.0,0.0,0.0,0.0,Matched,70.80696202531645,6.16,201
Hinchinbrook,HINCHINBROOK,48.0,1.0,6.0,48.0,48.0,0.0,0.0,0.0,0.0,Matched,70.25316455696202,6.12,203
Concord West,CONCORD WEST,41.0,2.0,6.0,45.0,40.0,1.0,4.0,0.0,0.0,Matched,63.60759493670886,6.09,204
Neutral Bay,NEUTRAL BAY,41.0,2.0,5.0,41.0,40.0,0.0,0.0,1.0,0.0,Matched,63.60759493670886,6.09,204
North St Marys,NORTH ST MARYS,41.0,2.0,3.0,43.0,41.0,0.0,2.0,0.0,0.0,Matched,63.60759493670886,6.09,204
Austral,AUSTRAL,47.0,1.0,7.0,47.0,47.0,0.0,0.0,0.0,0.0,Matched,69.6993670886076,6.08,207
Whalan,WHALAN,47.0,1.0,4.0,47.0,47.0,0.0,0.0,0.0,0.0,Matched,69.6993670886076,6.08,207
Allambie Heights,ALLAMBIE HEIGHTS,46.0,1.0,4.0,46.0,46.0,0.0,0.0,0.0,0.0,Matched,68.82911392405063,6.01,209
Edensor Park,EDENSOR PARK,46.0,1.0,4.0,46.0,46.0,0.0,0.0,0.0,0.0,Matched,68.82911392405063,6.01,209
Haberfield,HABERFIELD,46.0,1.0,3.0,46.0,46.0,0.0,0.0,0.0,0.0,Matched,68.82911392405063,6.01,209
Northbridge,NORTHBRIDGE,46.0,1.0,3.0,46.0,46.0,0.0,0.0,0.0,0.0,Matched,68.82911392405063,6.01,209
The Ponds,THE PONDS,46.0,1.0,7.0,46.0,46.0,0.0,0.0,0.0,0.0,Matched,68.82911392405063,6.01,209
Asquith,ASQUITH,40.0,2.0,4.0,42.0,39.0,1.0,2.0,0.0,0.0,Matched,62.2626582278481,5.98,214
Canterbury,CANTERBURY,40.0,2.0,6.0,43.0,39.0,1.0,3.0,0.0,0.0,Matched,62.2626582278481,5.98,214
Beacon Hill,BEACON HILL,45.0,1.0,6.0,45.0,45.0,0.0,0.0,0.0,0.0,Matched,67.5632911392405,5.91,216
Cambridge Park,CAMBRIDGE PARK,45.0,1.0,4.0,45.0,45.0,0.0,0.0,0.0,0.0,Matched,67.5632911392405,5.91,216
Eagle Vale,EAGLE VALE,45.0,1.0,4.0,45.0,45.0,0.0,0.0,0.0,0.0,Matched,67.5632911392405,5.91,216
Lalor Park,LALOR PARK,45.0,1.0,4.0,45.0,45.0,0.0,0.0,0.0,0.0,Matched,67.5632911392405,5.91,216
Mount Annan,MOUNT ANNAN,45.0,1.0,5.0,45.0,45.0,0.0,0.0,0.0,0.0,Matched,67.5632911392405,5.91,216
North Bondi,NORTH BONDI,45.0,1.0,3.0,45.0,45.0,0.0,0.0,0.0,0.0,Matched,67.5632911392405,5.91,216
Sefton,SEFTON,39.0,2.0,2.0,41.0,38.0,1.0,2.0,0.0,0.0,Matched,60.91772151898734,5.87,222
Cecil Hills,CECIL HILLS,44.0,1.0,3.0,44.0,44.0,0.0,0.0,0.0,0.0,Matched,66.37658227848101,5.81,223
Glenorie,GLENORIE,44.0,1.0,3.0,44.0,44.0,0.0,0.0,0.0,0.0,Matched,66.37658227848101,5.81,223
Lansvale,LANSVALE,44.0,1.0,2.0,44.0,44.0,0.0,0.0,0.0,0.0,Matched,66.37658227848101,5.81,223
Malabar,MALABAR,44.0,1.0,3.0,44.0,44.0,0.0,0.0,0.0,0.0,Matched,66.37658227848101,5.81,223
St Helens Park,ST HELENS PARK,44.0,1.0,3.0,44.0,44.0,0.0,0.0,0.0,0.0,Matched,66.37658227848101,5.81,223
Bligh Park,BLIGH PARK,43.0,1.0,2.0,43.0,43.0,0.0,0.0,0.0,0.0,Matched,65.58544303797468,5.75,228
Oran Park,ORAN PARK,43.0,1.0,4.0,43.0,43.0,0.0,0.0,0.0,0.0,Matched,65.58544303797468,5.75,228
Claremont Meadows,CLAREMONT MEADOWS,42.0,1.0,2.0,42.0,42.0,0.0,0.0,0.0,0.0,Matched,64.79430379746836,5.68,230
Jamisontown,JAMISONTOWN,42.0,1.0,2.0,42.0,42.0,0.0,0.0,0.0,0.0,Matched,64.79430379746836,5.68,230
Kurnell,KURNELL,42.0,1.0,2.0,42.0,42.0,0.0,0.0,0.0,0.0,Matched,64.79430379746836,5.68,230
North Narrabeen,NORTH NARRABEEN,42.0,1.0,5.0,42.0,42.0,0.0,0.0,0.0,0.0,Matched,64.79430379746836,5.68,230
Northmead,NORTHMEAD,42.0,1.0,6.0,42.0,42.0,0.0,0.0,0.0,0.0,Matched,64.79430379746836,5.68,230
Norwest,NORWEST,37.0,2.0,7.0,39.0,36.0,1.0,2.0,0.0,0.0,Matched,58.54430379746836,5.68,230
Annangrove,ANNANGROVE,41.0,1.0,2.0,41.0,41.0,0.0,0.0,0.0,0.0,Matched,63.60759493670886,5.59,236
Coogee,COOGEE,41.0,1.0,5.0,41.0,41.0,0.0,0.0,0.0,0.0,Matched,63.60759493670886,5.59,236
Croydon Park,CROYDON PARK,41.0,1.0,5.0,41.0,41.0,0.0,0.0,0.0,0.0,Matched,63.60759493670886,5.59,236
Oatlands,OATLANDS,41.0,1.0,3.0,41.0,41.0,0.0,0.0,0.0,0.0,Matched,63.60759493670886,5.59,236
Tregear,TREGEAR,41.0,1.0,2.0,41.0,41.0,0.0,0.0,0.0,0.0,Matched,63.60759493670886,5.59,236
Gordon,GORDON,36.0,2.0,5.0,39.0,35.0,1.0,3.0,0.0,0.0,Matched,56.88291139240506,5.55,241
Pendle Hill,PENDLE HILL,36.0,2.0,6.0,40.0,35.0,1.0,4.0,0.0,0.0,Matched,56.88291139240506,5.55,241
Sutherland,SUTHERLAND,36.0,2.0,5.0,39.0,35.0,1.0,3.0,0.0,0.0,Matched,56.88291139240506,5.55,241
Airds,AIRDS,40.0,1.0,3.0,40.0,40.0,0.0,0.0,0.0,0.0,Matched,62.2626582278481,5.48,244
Ambarvale,AMBARVALE,40.0,1.0,3.0,40.0,40.0,0.0,0.0,0.0,0.0,Matched,62.2626582278481,5.48,244
Beaumont Hills,BEAUMONT HILLS,40.0,1.0,5.0,40.0,40.0,0.0,0.0,0.0,0.0,Matched,62.2626582278481,5.48,244
Berowra Heights,BEROWRA HEIGHTS,40.0,1.0,3.0,40.0,40.0,0.0,0.0,0.0,0.0,Matched,62.2626582278481,5.48,244
Bonnet Bay,BONNET BAY,40.0,1.0,1.0,40.0,40.0,0.0,0.0,0.0,0.0,Matched,62.2626582278481,5.48,244
Bexley North,BEXLEY NORTH,35.0,2.0,2.0,37.0,34.0,1.0,2.0,0.0,0.0,Matched,55.5379746835443,5.44,249
East Hills,EAST HILLS,35.0,2.0,3.0,38.0,34.0,1.0,3.0,0.0,0.0,Matched,55.5379746835443,5.44,249
Mortdale,MORTDALE,35.0,2.0,6.0,37.0,34.0,1.0,2.0,0.0,0.0,Matched,55.5379746835443,5.44,249
Putney,PUTNEY,35.0,2.0,2.0,35.0,34.0,0.0,0.0,1.0,0.0,Matched,55.5379746835443,5.44,249
Burraneer,BURRANEER,39.0,1.0,2.0,39.0,39.0,0.0,0.0,0.0,0.0,Matched,60.91772151898734,5.37,253
East Lindfield,EAST LINDFIELD,39.0,1.0,1.0,39.0,39.0,0.0,0.0,0.0,0.0,Matched,60.91772151898734,5.37,253
Elderslie,ELDERSLIE,39.0,1.0,3.0,39.0,39.0,0.0,0.0,0.0,0.0,Matched,60.91772151898734,5.37,253
Londonderry,LONDONDERRY,39.0,1.0,3.0,39.0,39.0,0.0,0.0,0.0,0.0,Matched,60.91772151898734,5.37,253
Manly Vale,MANLY VALE,39.0,1.0,2.0,39.0,39.0,0.0,0.0,0.0,0.0,Matched,60.91772151898734,5.37,253
Marsden Park,MARSDEN PARK,39.0,1.0,8.0,39.0,39.0,0.0,0.0,0.0,0.0,Matched,60.91772151898734,5.37,253
Orchard Hills,ORCHARD HILLS,39.0,1.0,4.0,39.0,39.0,0.0,0.0,0.0,0.0,Matched,60.91772151898734,5.37,253
Stanhope Gardens,STANHOPE GARDENS,39.0,1.0,5.0,39.0,39.0,0.0,0.0,0.0,0.0,Matched,60.91772151898734,5.37,253
Rozelle,ROZELLE,34.0,2.0,7.0,34.0,33.0,0.0,0.0,1.0,0.0,Matched,54.27215189873418,5.34,261
Waterloo,WATERLOO,34.0,2.0,8.0,34.0,33.0,1.0,0.0,0.0,0.0,Matched,54.27215189873418,5.34,261
Bidwill,BIDWILL,38.0,1.0,1.0,38.0,38.0,0.0,0.0,0.0,0.0,Matched,59.81012658227848,5.28,263
Brighton-Le-Sands,BRIGHTON-LE-SANDS,38.0,1.0,3.0,38.0,38.0,0.0,0.0,0.0,0.0,Matched,59.81012658227848,5.28,263
Cabramatta West,CABRAMATTA WEST,38.0,1.0,4.0,38.0,38.0,0.0,0.0,0.0,0.0,Matched,59.81012658227848,5.28,263
Plumpton,PLUMPTON,38.0,1.0,3.0,38.0,38.0,0.0,0.0,0.0,0.0,Matched,59.81012658227848,5.28,263
Rosemeadow,ROSEMEADOW,38.0,1.0,5.0,38.0,38.0,0.0,0.0,0.0,0.0,Matched,59.81012658227848,5.28,263
Woolooware,WOOLOOWARE,33.0,2.0,3.0,35.0,32.0,1.0,2.0,0.0,0.0,Matched,52.92721518987342,5.23,268
Belfield,BELFIELD,37.0,1.0,2.0,37.0,37.0,0.0,0.0,0.0,0.0,Matched,58.54430379746836,5.18,269
Bondi Beach,BONDI BEACH,37.0,1.0,5.0,37.0,37.0,0.0,0.0,0.0,0.0,Matched,58.54430379746836,5.18,269
Cremorne,CREMORNE,37.0,1.0,5.0,37.0,37.0,0.0,0.0,0.0,0.0,Matched,58.54430379746836,5.18,269
Fairlight,FAIRLIGHT,37.0,1.0,4.0,37.0,37.0,0.0,0.0,0.0,0.0,Matched,58.54430379746836,5.18,269
Glen Alpine,GLEN ALPINE,37.0,1.0,4.0,37.0,37.0,0.0,0.0,0.0,0.0,Matched,58.54430379746836,5.18,269
Guildford West,GUILDFORD WEST,37.0,1.0,3.0,37.0,37.0,0.0,0.0,0.0,0.0,Matched,58.54430379746836,5.18,269
Narellan Vale,NARELLAN VALE,37.0,1.0,2.0,37.0,37.0,0.0,0.0,0.0,0.0,Matched,58.54430379746836,5.18,269
Narraweena,NARRAWEENA,37.0,1.0,4.0,37.0,37.0,0.0,0.0,0.0,0.0,Matched,58.54430379746836,5.18,269
South Hurstville,SOUTH HURSTVILLE,37.0,1.0,4.0,37.0,37.0,0.0,0.0,0.0,0.0,Matched,58.54430379746836,5.18,269
Willoughby,WILLOUGHBY,37.0,1.0,5.0,37.0,37.0,0.0,0.0,0.0,0.0,Matched,58.54430379746836,5.18,269
Moore Park,MOORE PARK,32.0,2.0,2.0,32.0,29.0,0.0,0.0,0.0,3.0,Matched,51.42405063291139,5.11,279
Narwee,NARWEE,32.0,2.0,4.0,34.0,31.0,1.0,2.0,0.0,0.0,Matched,51.42405063291139,5.11,279
Riverview,RIVERVIEW,32.0,2.0,1.0,32.0,31.0,0.0,0.0,1.0,0.0,Matched,51.42405063291139,5.11,279
Forestville,FORESTVILLE,36.0,1.0,4.0,36.0,36.0,0.0,0.0,0.0,0.0,Matched,56.88291139240506,5.05,282
Galston,GALSTON,36.0,1.0,1.0,36.0,36.0,0.0,0.0,0.0,0.0,Matched,56.88291139240506,5.05,282
Kemps Creek,KEMPS CREEK,36.0,1.0,9.0,36.0,36.0,0.0,0.0,0.0,0.0,Matched,56.88291139240506,5.05,282
McGraths Hill,MCGRATHS HILL,36.0,1.0,2.0,36.0,36.0,0.0,0.0,0.0,0.0,Matched,56.88291139240506,5.05,282
Narellan,NARELLAN,36.0,1.0,3.0,36.0,36.0,0.0,0.0,0.0,0.0,Matched,56.88291139240506,5.05,282
St Johns Park,ST JOHNS PARK,36.0,1.0,3.0,36.0,36.0,0.0,0.0,0.0,0.0,Matched,56.88291139240506,5.05,282
West Hoxton,WEST HOXTON,36.0,1.0,5.0,36.0,36.0,0.0,0.0,0.0,0.0,Matched,56.88291139240506,5.05,282
Rhodes,RHODES,31.0,2.0,5.0,34.0,30.0,1.0,3.0,0.0,0.0,Matched,49.84177215189873,4.99,289
Werrington,WERRINGTON,31.0,2.0,4.0,33.0,30.0,1.0,2.0,0.0,0.0,Matched,49.84177215189873,4.99,289
Girraween,GIRRAWEEN,35.0,1.0,3.0,35.0,35.0,0.0,0.0,0.0,0.0,Matched,55.5379746835443,4.94,291
Terrey Hills,TERREY HILLS,35.0,1.0,2.0,35.0,35.0,0.0,0.0,0.0,0.0,Matched,55.5379746835443,4.94,291
Westleigh,WESTLEIGH,35.0,1.0,3.0,35.0,35.0,0.0,0.0,0.0,0.0,Matched,55.5379746835443,4.94,291
Arncliffe,ARNCLIFFE,30.0,2.0,10.0,34.0,29.0,1.0,4.0,0.0,0.0,Matched,48.575949367088604,4.89,294
Homebush,HOMEBUSH,30.0,2.0,5.0,36.0,29.0,1.0,6.0,0.0,0.0,Matched,48.575949367088604,4.89,294
Telopea,TELOPEA,30.0,2.0,4.0,31.0,29.0,1.0,1.0,0.0,0.0,Matched,48.575949367088604,4.89,294
Darlinghurst,DARLINGHURST,34.0,1.0,9.0,34.0,34.0,0.0,0.0,0.0,0.0,Matched,54.27215189873418,4.84,297
Glendenning,GLENDENNING,34.0,1.0,4.0,34.0,34.0,0.0,0.0,0.0,0.0,Matched,54.27215189873418,4.84,297
North Turramurra,NORTH TURRAMURRA,34.0,1.0,1.0,34.0,34.0,0.0,0.0,0.0,0.0,Matched,54.27215189873418,4.84,297
Oakhurst,OAKHURST,34.0,1.0,3.0,34.0,34.0,0.0,0.0,0.0,0.0,Matched,54.27215189873418,4.84,297
Pitt Town,PITT TOWN,34.0,1.0,2.0,34.0,34.0,0.0,0.0,0.0,0.0,Matched,54.27215189873418,4.84,297
Willmot,WILLMOT,34.0,1.0,1.0,34.0,34.0,0.0,0.0,0.0,0.0,Matched,54.27215189873418,4.84,297
Yarrawarrah,YARRAWARRAH,34.0,1.0,2.0,34.0,34.0,0.0,0.0,0.0,0.0,Matched,54.27215189873418,4.84,297
Artarmon,ARTARMON,29.0,2.0,5.0,31.0,28.0,1.0,2.0,0.0,0.0,Matched,47.151898734177216,4.77,304
Carramar,CARRAMAR,29.0,2.0,1.0,31.0,28.0,1.0,2.0,0.0,0.0,Matched,47.151898734177216,4.77,304
Dundas,DUNDAS,29.0,2.0,7.0,30.0,28.0,1.0,1.0,0.0,0.0,Matched,47.151898734177216,4.77,304
Jannali,JANNALI,29.0,2.0,2.0,31.0,28.0,1.0,2.0,0.0,0.0,Matched,47.151898734177216,4.77,304
Petersham,PETERSHAM,29.0,2.0,4.0,31.0,28.0,1.0,2.0,0.0,0.0,Matched,47.151898734177216,4.77,304
Canley Heights,CANLEY HEIGHTS,33.0,1.0,4.0,33.0,33.0,0.0,0.0,0.0,0.0,Matched,52.92721518987342,4.73,309
Greenfield Park,GREENFIELD PARK,33.0,1.0,2.0,33.0,33.0,0.0,0.0,0.0,0.0,Matched,52.92721518987342,4.73,309
Maraylya,MARAYLYA,33.0,1.0,2.0,33.0,33.0,0.0,0.0,0.0,0.0,Matched,52.92721518987342,4.73,309
Miller,MILLER,33.0,1.0,1.0,33.0,33.0,0.0,0.0,0.0,0.0,Matched,52.92721518987342,4.73,309
Oyster Bay,OYSTER BAY,33.0,1.0,3.0,33.0,33.0,0.0,0.0,0.0,0.0,Matched,52.92721518987342,4.73,309
Palm Beach,PALM BEACH,33.0,1.0,1.0,33.0,33.0,0.0,0.0,0.0,0.0,Matched,52.92721518987342,4.73,309
Shalvey,SHALVEY,33.0,1.0,1.0,33.0,33.0,0.0,0.0,0.0,0.0,Matched,52.92721518987342,4.73,309
Balmain,BALMAIN,28.0,2.0,7.0,28.0,25.0,0.0,0.0,3.0,0.0,Matched,45.49050632911392,4.64,316
Crows Nest,CROWS NEST,28.0,2.0,7.0,28.0,27.0,1.0,0.0,0.0,0.0,Matched,45.49050632911392,4.64,316
Lilyfield,LILYFIELD,28.0,2.0,6.0,28.0,22.0,0.0,0.0,0.0,6.0,Matched,45.49050632911392,4.64,316
Bangor,BANGOR,32.0,1.0,3.0,32.0,32.0,0.0,0.0,0.0,0.0,Matched,51.42405063291139,4.61,319
Botany,BOTANY,32.0,1.0,4.0,32.0,32.0,0.0,0.0,0.0,0.0,Matched,51.42405063291139,4.61,319
Lugarno,LUGARNO,32.0,1.0,2.0,32.0,32.0,0.0,0.0,0.0,0.0,Matched,51.42405063291139,4.61,319
Monterey,MONTEREY,32.0,1.0,3.0,32.0,32.0,0.0,0.0,0.0,0.0,Matched,51.42405063291139,4.61,319
Paddington,PADDINGTON,32.0,1.0,11.0,32.0,32.0,0.0,0.0,0.0,0.0,Matched,51.42405063291139,4.61,319
Pemulwuy,PEMULWUY,32.0,1.0,4.0,32.0,32.0,0.0,0.0,0.0,0.0,Matched,51.42405063291139,4.61,319
Raby,RABY,32.0,1.0,2.0,32.0,32.0,0.0,0.0,0.0,0.0,Matched,51.42405063291139,4.61,319
Rossmore,ROSSMORE,32.0,1.0,6.0,32.0,32.0,0.0,0.0,0.0,0.0,Matched,51.42405063291139,4.61,319
Abbotsbury,ABBOTSBURY,31.0,1.0,2.0,31.0,31.0,0.0,0.0,0.0,0.0,Matched,49.84177215189873,4.49,327
Dundas Valley,DUNDAS VALLEY,31.0,1.0,4.0,31.0,31.0,0.0,0.0,0.0,0.0,Matched,49.84177215189873,4.49,327
Gledswood Hills,GLEDSWOOD HILLS,31.0,1.0,2.0,31.0,31.0,0.0,0.0,0.0,0.0,Matched,49.84177215189873,4.49,327
Lethbridge Park,LETHBRIDGE PARK,31.0,1.0,2.0,31.0,31.0,0.0,0.0,0.0,0.0,Matched,49.84177215189873,4.49,327
Newtown,NEWTOWN,27.0,2.0,8.0,29.0,26.0,1.0,2.0,0.0,0.0,Matched,43.59177215189873,4.49,327
North Balgowlah,NORTH BALGOWLAH,31.0,1.0,2.0,31.0,31.0,0.0,0.0,0.0,0.0,Matched,49.84177215189873,4.49,327
Silverwater,SILVERWATER,31.0,1.0,5.0,31.0,31.0,0.0,0.0,0.0,0.0,Matched,49.84177215189873,4.49,327
Vineyard,VINEYARD,27.0,2.0,6.0,28.0,26.0,1.0,1.0,0.0,0.0,Matched,43.59177215189873,4.49,327
Warwick Farm,WARWICK FARM,27.0,2.0,6.0,29.0,26.0,1.0,2.0,0.0,0.0,Matched,43.59177215189873,4.49,327
Werrington County,WERRINGTON COUNTY,31.0,1.0,3.0,31.0,31.0,0.0,0.0,0.0,0.0,Matched,49.84177215189873,4.49,327
Balgowlah Heights,BALGOWLAH HEIGHTS,30.0,1.0,2.0,30.0,30.0,0.0,0.0,0.0,0.0,Matched,48.575949367088604,4.39,337
Currans Hill,CURRANS HILL,30.0,1.0,2.0,30.0,30.0,0.0,0.0,0.0,0.0,Matched,48.575949367088604,4.39,337
Grays Point,GRAYS POINT,30.0,1.0,2.0,30.0,30.0,0.0,0.0,0.0,0.0,Matched,48.575949367088604,4.39,337
Redfern,REDFERN,30.0,1.0,9.0,30.0,30.0,0.0,0.0,0.0,0.0,Matched,48.575949367088604,4.39,337
Holsworthy,HOLSWORTHY,26.0,2.0,4.0,28.0,25.0,1.0,2.0,0.0,0.0,Matched,41.85126582278481,4.35,341
Arcadia,ARCADIA,29.0,1.0,1.0,29.0,29.0,0.0,0.0,0.0,0.0,Matched,47.151898734177216,4.27,342
Barden Ridge,BARDEN RIDGE,29.0,1.0,2.0,29.0,29.0,0.0,0.0,0.0,0.0,Matched,47.151898734177216,4.27,342
Brooklyn,BROOKLYN,21.0,3.0,3.0,23.0,18.0,1.0,2.0,2.0,0.0,Matched,34.651898734177216,4.27,342
Catherine Field,CATHERINE FIELD,29.0,1.0,6.0,29.0,29.0,0.0,0.0,0.0,0.0,Matched,47.151898734177216,4.27,342
Church Point,CHURCH POINT,29.0,1.0,2.0,29.0,29.0,0.0,0.0,0.0,0.0,Matched,47.151898734177216,4.27,342
Eastlakes,EASTLAKES,29.0,1.0,3.0,29.0,29.0,0.0,0.0,0.0,0.0,Matched,47.151898734177216,4.27,342
Woollahra,WOOLLAHRA,29.0,1.0,5.0,29.0,29.0,0.0,0.0,0.0,0.0,Matched,47.151898734177216,4.27,342
Bardwell Park,BARDWELL PARK,25.0,2.0,2.0,27.0,24.0,1.0,2.0,0.0,0.0,Matched,40.110759493670884,4.21,349
Darling Point,DARLING POINT,25.0,2.0,3.0,25.0,24.0,0.0,0.0,1.0,0.0,Matched,40.110759493670884,4.21,349
Hurlstone Park,HURLSTONE PARK,25.0,2.0,4.0,27.0,24.0,1.0,2.0,0.0,0.0,Matched,40.110759493670884,4.21,349
Bronte,BRONTE,28.0,1.0,2.0,28.0,28.0,0.0,0.0,0.0,0.0,Matched,45.49050632911392,4.14,352
Castle Cove,CASTLE COVE,28.0,1.0,1.0,28.0,28.0,0.0,0.0,0.0,0.0,Matched,45.49050632911392,4.14,352
Hebersham,HEBERSHAM,28.0,1.0,2.0,28.0,28.0,0.0,0.0,0.0,0.0,Matched,45.49050632911392,4.14,352
Heckenberg,HECKENBERG,28.0,1.0,1.0,28.0,28.0,0.0,0.0,0.0,0.0,Matched,45.49050632911392,4.14,352
Picnic Point,PICNIC POINT,28.0,1.0,3.0,28.0,28.0,0.0,0.0,0.0,0.0,Matched,45.49050632911392,4.14,352
Ruse,RUSE,28.0,1.0,2.0,28.0,28.0,0.0,0.0,0.0,0.0,Matched,45.49050632911392,4.14,352
St Andrews,ST ANDREWS,28.0,1.0,3.0,28.0,28.0,0.0,0.0,0.0,0.0,Matched,45.49050632911392,4.14,352
Lewisham,LEWISHAM,20.0,3.0,2.0,22.0,16.0,1.0,2.0,0.0,3.0,Matched,32.436708860759495,4.09,359
Annandale,ANNANDALE,24.0,2.0,4.0,24.0,21.0,0.0,0.0,0.0,3.0,Matched,38.212025316455694,4.06,360
Brookvale,BROOKVALE,27.0,1.0,3.0,27.0,27.0,0.0,0.0,0.0,0.0,Matched,43.59177215189873,3.99,361
Chifley,CHIFLEY,27.0,1.0,1.0,27.0,27.0,0.0,0.0,0.0,0.0,Matched,43.59177215189873,3.99,361
Clovelly,CLOVELLY,27.0,1.0,4.0,27.0,27.0,0.0,0.0,0.0,0.0,Matched,43.59177215189873,3.99,361
Collaroy,COLLAROY,27.0,1.0,5.0,27.0,27.0,0.0,0.0,0.0,0.0,Matched,43.59177215189873,3.99,361
East Killara,EAST KILLARA,27.0,1.0,1.0,27.0,27.0,0.0,0.0,0.0,0.0,Matched,43.59177215189873,3.99,361
Llandilo,LLANDILO,27.0,1.0,3.0,27.0,27.0,0.0,0.0,0.0,0.0,Matched,43.59177215189873,3.99,361
North Curl Curl,NORTH CURL CURL,27.0,1.0,5.0,27.0,27.0,0.0,0.0,0.0,0.0,Matched,43.59177215189873,3.99,361
North Manly,NORTH MANLY,27.0,1.0,3.0,27.0,27.0,0.0,0.0,0.0,0.0,Matched,43.59177215189873,3.99,361
Prospect,PROSPECT,27.0,1.0,4.0,27.0,27.0,0.0,0.0,0.0,0.0,Matched,43.59177215189873,3.99,361
Smeaton Grange,SMEATON GRANGE,27.0,1.0,2.0,27.0,27.0,0.0,0.0,0.0,0.0,Matched,43.59177215189873,3.99,361
Waverley,WAVERLEY,27.0,1.0,4.0,27.0,27.0,0.0,0.0,0.0,0.0,Matched,43.59177215189873,3.99,361
Harris Park,HARRIS PARK,23.0,2.0,7.0,27.0,22.0,1.0,4.0,0.0,0.0,Matched,37.10443037974683,3.97,372
North Strathfield,NORTH STRATHFIELD,23.0,2.0,8.0,26.0,22.0,1.0,3.0,0.0,0.0,Matched,37.10443037974683,3.97,372
Wiley Park,WILEY PARK,23.0,2.0,5.0,25.0,22.0,1.0,2.0,0.0,0.0,Matched,37.10443037974683,3.97,372
Camperdown,CAMPERDOWN,26.0,1.0,7.0,26.0,26.0,0.0,0.0,0.0,0.0,Matched,41.85126582278481,3.85,375
Cobbitty,COBBITTY,26.0,1.0,6.0,26.0,26.0,0.0,0.0,0.0,0.0,Matched,41.85126582278481,3.85,375
Collaroy Plateau,COLLAROY PLATEAU,26.0,1.0,2.0,26.0,26.0,0.0,0.0,0.0,0.0,Matched,41.85126582278481,3.85,375
Narrabeen,NARRABEEN,26.0,1.0,3.0,26.0,26.0,0.0,0.0,0.0,0.0,Matched,41.85126582278481,3.85,375
South Coogee,SOUTH COOGEE,26.0,1.0,2.0,26.0,26.0,0.0,0.0,0.0,0.0,Matched,41.85126582278481,3.85,375
Spring Farm,SPRING FARM,26.0,1.0,3.0,26.0,26.0,0.0,0.0,0.0,0.0,Matched,41.85126582278481,3.85,375
Woodcroft,WOODCROFT,26.0,1.0,3.0,26.0,26.0,0.0,0.0,0.0,0.0,Matched,41.85126582278481,3.85,375
Abbotsford,ABBOTSFORD,21.0,2.0,4.0,21.0,20.0,0.0,0.0,1.0,0.0,Matched,34.651898734177216,3.77,382
Cremorne Point,CREMORNE POINT,21.0,2.0,2.0,21.0,19.0,0.0,0.0,2.0,0.0,Matched,34.651898734177216,3.77,382
Denistone,DENISTONE,21.0,2.0,3.0,25.0,20.0,1.0,4.0,0.0,0.0,Matched,34.651898734177216,3.77,382
Windsor,WINDSOR,21.0,2.0,3.0,22.0,20.0,1.0,1.0,0.0,0.0,Matched,34.651898734177216,3.77,382
Busby,BUSBY,25.0,1.0,1.0,25.0,25.0,0.0,0.0,0.0,0.0,Matched,40.110759493670884,3.71,386
Elanora Heights,ELANORA HEIGHTS,25.0,1.0,4.0,25.0,25.0,0.0,0.0,0.0,0.0,Matched,40.110759493670884,3.71,386
Gregory Hills,GREGORY HILLS,25.0,1.0,4.0,25.0,25.0,0.0,0.0,0.0,0.0,Matched,40.110759493670884,3.71,386
Jordan Springs,JORDAN SPRINGS,25.0,1.0,1.0,25.0,25.0,0.0,0.0,0.0,0.0,Matched,40.110759493670884,3.71,386
Kings Park,KINGS PARK,25.0,1.0,2.0,25.0,25.0,0.0,0.0,0.0,0.0,Matched,40.110759493670884,3.71,386
Little Bay,LITTLE BAY,25.0,1.0,3.0,25.0,25.0,0.0,0.0,0.0,0.0,Matched,40.110759493670884,3.71,386
Mulgoa,MULGOA,25.0,1.0,4.0,25.0,25.0,0.0,0.0,0.0,0.0,Matched,40.110759493670884,3.71,386
North Epping,NORTH EPPING,25.0,1.0,2.0,25.0,25.0,0.0,0.0,0.0,0.0,Matched,40.110759493670884,3.71,386
Ropes Crossing,ROPES CROSSING,25.0,1.0,2.0,25.0,25.0,0.0,0.0,0.0,0.0,Matched,40.110759493670884,3.71,386
South Turramurra,SOUTH TURRAMURRA,25.0,1.0,1.0,25.0,25.0,0.0,0.0,0.0,0.0,Matched,40.110759493670884,3.71,386
Woodbine,WOODBINE,25.0,1.0,1.0,25.0,25.0,0.0,0.0,0.0,0.0,Matched,40.110759493670884,3.71,386
Como,COMO,20.0,2.0,1.0,22.0,19.0,1.0,2.0,0.0,0.0,Matched,32.436708860759495,3.59,397
Edgecliff,EDGECLIFF,20.0,2.0,3.0,22.0,19.0,1.0,2.0,0.0,0.0,Matched,32.436708860759495,3.59,397
Summer Hill,SUMMER HILL,20.0,2.0,5.0,23.0,19.0,1.0,3.0,0.0,0.0,Matched,32.436708860759495,3.59,397
Wollstonecraft,WOLLSTONECRAFT,20.0,2.0,5.0,22.0,19.0,1.0,2.0,0.0,0.0,Matched,32.436708860759495,3.59,397
Bayview,BAYVIEW,24.0,1.0,2.0,24.0,24.0,0.0,0.0,0.0,0.0,Matched,38.212025316455694,3.56,401
Blackett,BLACKETT,24.0,1.0,1.0,24.0,24.0,0.0,0.0,0.0,0.0,Matched,38.212025316455694,3.56,401
Dean Park,DEAN PARK,24.0,1.0,1.0,24.0,24.0,0.0,0.0,0.0,0.0,Matched,38.212025316455694,3.56,401
Hammondville,HAMMONDVILLE,24.0,1.0,1.0,24.0,24.0,0.0,0.0,0.0,0.0,Matched,38.212025316455694,3.56,401
Kareela,KAREELA,24.0,1.0,2.0,24.0,24.0,0.0,0.0,0.0,0.0,Matched,38.212025316455694,3.56,401
Lane Cove West,LANE COVE WEST,24.0,1.0,3.0,24.0,24.0,0.0,0.0,0.0,0.0,Matched,38.212025316455694,3.56,401
Old Toongabbie,OLD TOONGABBIE,24.0,1.0,6.0,24.0,24.0,0.0,0.0,0.0,0.0,Matched,38.212025316455694,3.56,401
Peakhurst Heights,PEAKHURST HEIGHTS,24.0,1.0,2.0,24.0,24.0,0.0,0.0,0.0,0.0,Matched,38.212025316455694,3.56,401
Woronora,WORONORA,24.0,1.0,3.0,24.0,24.0,0.0,0.0,0.0,0.0,Matched,38.212025316455694,3.56,401
Duffys Forest,DUFFYS FOREST,23.0,1.0,1.0,23.0,23.0,0.0,0.0,0.0,0.0,Matched,37.10443037974683,3.47,410
Bundeena,BUNDEENA,19.0,2.0,1.0,19.0,18.0,0.0,0.0,1.0,0.0,Matched,29.984177215189874,3.4,411
Double Bay,DOUBLE BAY,19.0,2.0,6.0,19.0,18.0,0.0,0.0,1.0,0.0,Matched,29.984177215189874,3.4,411
Bringelly,BRINGELLY,22.0,1.0,7.0,22.0,22.0,0.0,0.0,0.0,0.0,Matched,36.155063291139236,3.39,413
Chatswood West,CHATSWOOD WEST,22.0,1.0,2.0,22.0,22.0,0.0,0.0,0.0,0.0,Matched,36.155063291139236,3.39,413
Curl Curl,CURL CURL,22.0,1.0,2.0,22.0,22.0,0.0,0.0,0.0,0.0,Matched,36.155063291139236,3.39,413
Denham Court,DENHAM COURT,22.0,1.0,3.0,22.0,22.0,0.0,0.0,0.0,0.0,Matched,36.155063291139236,3.39,413
Hassall Grove,HASSALL GROVE,22.0,1.0,1.0,22.0,22.0,0.0,0.0,0.0,0.0,Matched,36.155063291139236,3.39,413
North Willoughby,NORTH WILLOUGHBY,22.0,1.0,3.0,22.0,22.0,0.0,0.0,0.0,0.0,Matched,36.155063291139236,3.39,413
Prairiewood,PRAIRIEWOOD,22.0,1.0,3.0,22.0,22.0,0.0,0.0,0.0,0.0,Matched,36.155063291139236,3.39,413
Wakeley,WAKELEY,22.0,1.0,2.0,22.0,22.0,0.0,0.0,0.0,0.0,Matched,36.155063291139236,3.39,413
Potts Point,POTTS POINT,15.0,3.0,4.0,17.0,13.0,1.0,2.0,1.0,0.0,Matched,22.626582278481013,3.31,421
Gymea Bay,GYMEA BAY,21.0,1.0,2.0,21.0,21.0,0.0,0.0,0.0,0.0,Matched,34.651898734177216,3.27,422
Ingleside,INGLESIDE,21.0,1.0,5.0,21.0,21.0,0.0,0.0,0.0,0.0,Matched,34.651898734177216,3.27,422
Kogarah Bay,KOGARAH BAY,21.0,1.0,2.0,21.0,21.0,0.0,0.0,0.0,0.0,Matched,34.651898734177216,3.27,422
Melrose Park,MELROSE PARK,21.0,1.0,2.0,21.0,21.0,0.0,0.0,0.0,0.0,Matched,34.651898734177216,3.27,422
Pagewood,PAGEWOOD,21.0,1.0,2.0,21.0,21.0,0.0,0.0,0.0,0.0,Matched,34.651898734177216,3.27,422
Rookwood,ROOKWOOD,21.0,1.0,1.0,21.0,21.0,0.0,0.0,0.0,0.0,Matched,34.651898734177216,3.27,422
McMahons Point,MCMAHONS POINT,18.0,2.0,3.0,18.0,15.0,0.0,0.0,3.0,0.0,Matched,27.689873417721518,3.22,428
Woolwich,WOOLWICH,18.0,2.0,2.0,18.0,12.0,0.0,0.0,6.0,0.0,Matched,27.689873417721518,3.22,428
Acacia Gardens,ACACIA GARDENS,20.0,1.0,1.0,20.0,20.0,0.0,0.0,0.0,0.0,Matched,32.436708860759495,3.09,430
Ashcroft,ASHCROFT,20.0,1.0,1.0,20.0,20.0,0.0,0.0,0.0,0.0,Matched,32.436708860759495,3.09,430
Bondi,BONDI,20.0,1.0,4.0,20.0,20.0,0.0,0.0,0.0,0.0,Matched,32.436708860759495,3.09,430
Cammeray,CAMMERAY,20.0,1.0,3.0,20.0,20.0,0.0,0.0,0.0,0.0,Matched,32.436708860759495,3.09,430
Horningsea Park,HORNINGSEA PARK,20.0,1.0,4.0,20.0,20.0,0.0,0.0,0.0,0.0,Matched,32.436708860759495,3.09,430
Hurstville Grove,HURSTVILLE GROVE,20.0,1.0,2.0,20.0,20.0,0.0,0.0,0.0,0.0,Matched,32.436708860759495,3.09,430
Maroota,MAROOTA,20.0,1.0,1.0,20.0,20.0,0.0,0.0,0.0,0.0,Matched,32.436708860759495,3.09,430
Old Guildford,OLD GUILDFORD,20.0,1.0,2.0,20.0,20.0,0.0,0.0,0.0,0.0,Matched,32.436708860759495,3.09,430
Oxley Park,OXLEY PARK,20.0,1.0,1.0,20.0,20.0,0.0,0.0,0.0,0.0,Matched,32.436708860759495,3.09,430
Padstow Heights,PADSTOW HEIGHTS,20.0,1.0,2.0,20.0,20.0,0.0,0.0,0.0,0.0,Matched,32.436708860759495,3.09,430
St Ives Chase,ST IVES CHASE,20.0,1.0,1.0,20.0,20.0,0.0,0.0,0.0,0.0,Matched,32.436708860759495,3.09,430
Taren Point,TAREN POINT,20.0,1.0,2.0,20.0,20.0,0.0,0.0,0.0,0.0,Matched,32.436708860759495,3.09,430
Milsons Point,MILSONS POINT,13.0,3.0,2.0,15.0,9.0,1.0,2.0,3.0,0.0,Matched,19.62025316455696,3.07,442
Longueville,LONGUEVILLE,17.0,2.0,1.0,17.0,16.0,0.0,0.0,1.0,0.0,Matched,25.79113924050633,3.06,443
Mount Kuring-Gai,MOUNT KURING-GAI,17.0,2.0,1.0,19.0,16.0,1.0,2.0,0.0,0.0,Matched,25.79113924050633,3.06,443
St Peters,ST PETERS,17.0,2.0,5.0,21.0,16.0,1.0,4.0,0.0,0.0,Matched,25.79113924050633,3.06,443
Rosehill,ROSEHILL,16.0,2.0,4.0,18.0,15.0,1.0,2.0,0.0,0.0,Matched,24.367088607594937,2.95,446
St Leonards,ST LEONARDS,16.0,2.0,6.0,18.0,15.0,1.0,2.0,0.0,0.0,Matched,24.367088607594937,2.95,446
Stanmore,STANMORE,16.0,2.0,4.0,19.0,15.0,1.0,3.0,0.0,0.0,Matched,24.367088607594937,2.95,446
Berkshire Park,BERKSHIRE PARK,19.0,1.0,1.0,19.0,19.0,0.0,0.0,0.0,0.0,Matched,29.984177215189874,2.9,449
Bilgola Plateau,BILGOLA PLATEAU,19.0,1.0,3.0,19.0,19.0,0.0,0.0,0.0,0.0,Matched,29.984177215189874,2.9,449
Claymore,CLAYMORE,19.0,1.0,1.0,19.0,19.0,0.0,0.0,0.0,0.0,Matched,29.984177215189874,2.9,449
Constitution Hill,CONSTITUTION HILL,19.0,1.0,2.0,19.0,19.0,0.0,0.0,0.0,0.0,Matched,29.984177215189874,2.9,449
Hoxton Park,HOXTON PARK,19.0,1.0,4.0,19.0,19.0,0.0,0.0,0.0,0.0,Matched,29.984177215189874,2.9,449
Kellyville Ridge,KELLYVILLE RIDGE,19.0,1.0,6.0,19.0,19.0,0.0,0.0,0.0,0.0,Matched,29.984177215189874,2.9,449
Kyeemagh,KYEEMAGH,19.0,1.0,2.0,19.0,19.0,0.0,0.0,0.0,0.0,Matched,29.984177215189874,2.9,449
Minto Heights,MINTO HEIGHTS,19.0,1.0,1.0,19.0,19.0,0.0,0.0,0.0,0.0,Matched,29.984177215189874,2.9,449
Newington,NEWINGTON,19.0,1.0,4.0,19.0,19.0,0.0,0.0,0.0,0.0,Matched,29.984177215189874,2.9,449
Sylvania Waters,SYLVANIA WATERS,19.0,1.0,3.0,19.0,19.0,0.0,0.0,0.0,0.0,Matched,29.984177215189874,2.9,449
Wheeler Heights,WHEELER HEIGHTS,19.0,1.0,2.0,19.0,19.0,0.0,0.0,0.0,0.0,Matched,29.984177215189874,2.9,449
Zetland,ZETLAND,19.0,1.0,8.0,19.0,19.0,0.0,0.0,0.0,0.0,Matched,29.984177215189874,2.9,449
Birrong,BIRRONG,15.0,2.0,1.0,17.0,14.0,1.0,2.0,0.0,0.0,Matched,22.626582278481013,2.81,461
Cabarita,CABARITA,15.0,2.0,1.0,15.0,12.0,0.0,0.0,3.0,0.0,Matched,22.626582278481013,2.81,461
Cheltenham,CHELTENHAM,15.0,2.0,3.0,18.0,14.0,1.0,3.0,0.0,0.0,Matched,22.626582278481013,2.81,461
Arndell Park,ARNDELL PARK,18.0,1.0,1.0,18.0,18.0,0.0,0.0,0.0,0.0,Matched,27.689873417721518,2.72,464
Badgerys Creek,BADGERYS CREEK,18.0,1.0,6.0,18.0,18.0,0.0,0.0,0.0,0.0,Matched,27.689873417721518,2.72,464
Caddens,CADDENS,18.0,1.0,1.0,18.0,18.0,0.0,0.0,0.0,0.0,Matched,27.689873417721518,2.72,464
Cecil Park,CECIL PARK,18.0,1.0,2.0,18.0,18.0,0.0,0.0,0.0,0.0,Matched,27.689873417721518,2.72,464
Clareville,CLAREVILLE,18.0,1.0,1.0,18.0,18.0,0.0,0.0,0.0,0.0,Matched,27.689873417721518,2.72,464
Dharruk,DHARRUK,18.0,1.0,1.0,18.0,18.0,0.0,0.0,0.0,0.0,Matched,27.689873417721518,2.72,464
East Ryde,EAST RYDE,18.0,1.0,2.0,18.0,18.0,0.0,0.0,0.0,0.0,Matched,27.689873417721518,2.72,464
Fairfield Heights,FAIRFIELD HEIGHTS,18.0,1.0,2.0,18.0,18.0,0.0,0.0,0.0,0.0,Matched,27.689873417721518,2.72,464
Middle Cove,MIDDLE COVE,18.0,1.0,3.0,18.0,18.0,0.0,0.0,0.0,0.0,Matched,27.689873417721518,2.72,464
Oakville,OAKVILLE,18.0,1.0,3.0,18.0,18.0,0.0,0.0,0.0,0.0,Matched,27.689873417721518,2.72,464
Werrington Downs,WERRINGTON DOWNS,18.0,1.0,1.0,18.0,18.0,0.0,0.0,0.0,0.0,Matched,27.689873417721518,2.72,464
Woronora Heights,WORONORA HEIGHTS,18.0,1.0,1.0,18.0,18.0,0.0,0.0,0.0,0.0,Matched,27.689873417721518,2.72,464
Yowie Bay,YOWIE BAY,18.0,1.0,1.0,18.0,18.0,0.0,0.0,0.0,0.0,Matched,27.689873417721518,2.72,464
Centennial Park,CENTENNIAL PARK,14.0,2.0,3.0,14.0,12.0,0.0,0.0,0.0,2.0,Matched,20.96518987341772,2.68,477
Erskineville,ERSKINEVILLE,14.0,2.0,6.0,18.0,13.0,1.0,4.0,0.0,0.0,Matched,20.96518987341772,2.68,477
Warrawee,WARRAWEE,13.0,2.0,2.0,15.0,12.0,1.0,2.0,0.0,0.0,Matched,19.62025316455696,2.57,479
Killarney Heights,KILLARNEY HEIGHTS,17.0,1.0,3.0,17.0,17.0,0.0,0.0,0.0,0.0,Matched,25.79113924050633,2.56,480
Middle Dural,MIDDLE DURAL,17.0,1.0,1.0,17.0,17.0,0.0,0.0,0.0,0.0,Matched,25.79113924050633,2.56,480
Queenscliff,QUEENSCLIFF,17.0,1.0,1.0,17.0,17.0,0.0,0.0,0.0,0.0,Matched,25.79113924050633,2.56,480
Russell Lea,RUSSELL LEA,17.0,1.0,3.0,17.0,17.0,0.0,0.0,0.0,0.0,Matched,25.79113924050633,2.56,480
Strathfield South,STRATHFIELD SOUTH,17.0,1.0,2.0,17.0,17.0,0.0,0.0,0.0,0.0,Matched,25.79113924050633,2.56,480
Willoughby East,WILLOUGHBY EAST,17.0,1.0,1.0,17.0,17.0,0.0,0.0,0.0,0.0,Matched,25.79113924050633,2.56,480
Alfords Point,ALFORDS POINT,16.0,1.0,2.0,16.0,16.0,0.0,0.0,0.0,0.0,Matched,24.367088607594937,2.45,486
Ashbury,ASHBURY,16.0,1.0,2.0,16.0,16.0,0.0,0.0,0.0,0.0,Matched,24.367088607594937,2.45,486
Castlecrag,CASTLECRAG,16.0,1.0,2.0,16.0,16.0,0.0,0.0,0.0,0.0,Matched,24.367088607594937,2.45,486
Eschol Park,ESCHOL PARK,16.0,1.0,2.0,16.0,16.0,0.0,0.0,0.0,0.0,Matched,24.367088607594937,2.45,486
Queens Park,QUEENS PARK,16.0,1.0,1.0,16.0,16.0,0.0,0.0,0.0,0.0,Matched,24.367088607594937,2.45,486
Sadleir,SADLEIR,16.0,1.0,1.0,16.0,16.0,0.0,0.0,0.0,0.0,Matched,24.367088607594937,2.45,486
Tempe,TEMPE,12.0,2.0,4.0,16.0,11.0,1.0,4.0,0.0,0.0,Matched,18.037974683544302,2.44,492
Waverton,WAVERTON,12.0,2.0,2.0,14.0,11.0,1.0,2.0,0.0,0.0,Matched,18.037974683544302,2.44,492
Yennora,YENNORA,12.0,2.0,2.0,14.0,11.0,1.0,2.0,0.0,0.0,Matched,18.037974683544302,2.44,492
Meadowbank,MEADOWBANK,8.0,3.0,3.0,10.0,6.0,1.0,2.0,1.0,0.0,Matched,11.629746835443038,2.43,495
Blair Athol,BLAIR ATHOL,15.0,1.0,2.0,15.0,15.0,0.0,0.0,0.0,0.0,Matched,22.626582278481013,2.31,496
Bow Bowing,BOW BOWING,15.0,1.0,2.0,15.0,15.0,0.0,0.0,0.0,0.0,Matched,22.626582278481013,2.31,496
Bungarribee,BUNGARRIBEE,15.0,1.0,4.0,15.0,15.0,0.0,0.0,0.0,0.0,Matched,22.626582278481013,2.31,496
Colebee,COLEBEE,15.0,1.0,1.0,15.0,15.0,0.0,0.0,0.0,0.0,Matched,22.626582278481013,2.31,496
Connells Point,CONNELLS POINT,15.0,1.0,2.0,15.0,15.0,0.0,0.0,0.0,0.0,Matched,22.626582278481013,2.31,496
Kearns,KEARNS,15.0,1.0,2.0,15.0,15.0,0.0,0.0,0.0,0.0,Matched,22.626582278481013,2.31,496
Ramsgate Beach,RAMSGATE BEACH,15.0,1.0,2.0,15.0,15.0,0.0,0.0,0.0,0.0,Matched,22.626582278481013,2.31,496
Regentville,REGENTVILLE,15.0,1.0,2.0,15.0,15.0,0.0,0.0,0.0,0.0,Matched,22.626582278481013,2.31,496
Voyager Point,VOYAGER POINT,15.0,1.0,1.0,15.0,15.0,0.0,0.0,0.0,0.0,Matched,22.626582278481013,2.31,496
Balmain East,BALMAIN EAST,11.0,2.0,2.0,11.0,8.0,0.0,0.0,3.0,0.0,Matched,16.297468354430382,2.3,505
Turrella,TURRELLA,11.0,2.0,2.0,13.0,10.0,1.0,2.0,0.0,0.0,Matched,16.297468354430382,2.3,505
Waitara,WAITARA,11.0,2.0,2.0,13.0,10.0,1.0,2.0,0.0,0.0,Matched,16.297468354430382,2.3,505
Cambridge Gardens,CAMBRIDGE GARDENS,14.0,1.0,1.0,14.0,14.0,0.0,0.0,0.0,0.0,Matched,20.96518987341772,2.18,508
Castlereagh,CASTLEREAGH,14.0,1.0,2.0,14.0,14.0,0.0,0.0,0.0,0.0,Matched,20.96518987341772,2.18,508
Emerton,EMERTON,14.0,1.0,2.0,14.0,14.0,0.0,0.0,0.0,0.0,Matched,20.96518987341772,2.18,508
Homebush West,HOMEBUSH WEST,10.0,2.0,3.0,14.0,9.0,1.0,4.0,0.0,0.0,Matched,14.715189873417723,2.18,508
Huntingwood,HUNTINGWOOD,14.0,1.0,1.0,14.0,14.0,0.0,0.0,0.0,0.0,Matched,20.96518987341772,2.18,508
Kentlyn,KENTLYN,14.0,1.0,2.0,14.0,14.0,0.0,0.0,0.0,0.0,Matched,20.96518987341772,2.18,508
Kirribilli,KIRRIBILLI,10.0,2.0,2.0,10.0,7.0,0.0,0.0,3.0,0.0,Matched,14.715189873417723,2.18,508
Nelson,NELSON,14.0,1.0,1.0,14.0,14.0,0.0,0.0,0.0,0.0,Matched,20.96518987341772,2.18,508
Northwood,NORTHWOOD,10.0,2.0,1.0,10.0,9.0,0.0,0.0,1.0,0.0,Matched,14.715189873417723,2.18,508
Sydenham,SYDENHAM,10.0,2.0,1.0,16.0,9.0,1.0,6.0,0.0,0.0,Matched,14.715189873417723,2.18,508
Waterfall,WATERFALL,10.0,2.0,1.0,12.0,9.0,1.0,2.0,0.0,0.0,Matched,14.715189873417723,2.18,508
Chiswick,CHISWICK,9.0,2.0,1.0,9.0,8.0,0.0,0.0,1.0,0.0,Matched,13.370253164556962,2.07,519
Clarendon,CLARENDON,9.0,2.0,3.0,11.0,8.0,1.0,2.0,0.0,0.0,Matched,13.370253164556962,2.07,519
Cowan,COWAN,9.0,2.0,1.0,11.0,8.0,1.0,2.0,0.0,0.0,Matched,13.370253164556962,2.07,519
Hobartville,HOBARTVILLE,13.0,1.0,1.0,13.0,13.0,0.0,0.0,0.0,0.0,Matched,19.62025316455696,2.07,519
Luddenham,LUDDENHAM,13.0,1.0,4.0,13.0,13.0,0.0,0.0,0.0,0.0,Matched,19.62025316455696,2.07,519
Menangle Park,MENANGLE PARK,9.0,2.0,1.0,11.0,8.0,1.0,2.0,0.0,0.0,Matched,13.370253164556962,2.07,519
Ramsgate,RAMSGATE,13.0,1.0,3.0,13.0,13.0,0.0,0.0,0.0,0.0,Matched,19.62025316455696,2.07,519
Revesby Heights,REVESBY HEIGHTS,13.0,1.0,1.0,13.0,13.0,0.0,0.0,0.0,0.0,Matched,19.62025316455696,2.07,519
Rodd Point,RODD POINT,13.0,1.0,1.0,13.0,13.0,0.0,0.0,0.0,0.0,Matched,19.62025316455696,2.07,519
Ultimo,ULTIMO,13.0,1.0,4.0,13.0,13.0,0.0,0.0,0.0,0.0,Matched,19.62025316455696,2.07,519
Watsons Bay,WATSONS BAY,9.0,2.0,1.0,9.0,8.0,0.0,0.0,1.0,0.0,Matched,13.370253164556962,2.07,519
Woolloomooloo,WOOLLOOMOOLOO,13.0,1.0,4.0,13.0,13.0,0.0,0.0,0.0,0.0,Matched,19.62025316455696,2.07,519
Beverley Park,BEVERLEY PARK,12.0,1.0,2.0,12.0,12.0,0.0,0.0,0.0,0.0,Matched,18.037974683544302,1.94,531
Cattai,CATTAI,12.0,1.0,2.0,12.0,12.0,0.0,0.0,0.0,0.0,Matched,18.037974683544302,1.94,531
Chullora,CHULLORA,12.0,1.0,3.0,12.0,12.0,0.0,0.0,0.0,0.0,Matched,18.037974683544302,1.94,531
Davidson,DAVIDSON,12.0,1.0,2.0,12.0,12.0,0.0,0.0,0.0,0.0,Matched,18.037974683544302,1.94,531
Forest Lodge,FOREST LODGE,12.0,1.0,5.0,12.0,12.0,0.0,0.0,0.0,0.0,Matched,18.037974683544302,1.94,531
Lilli Pilli,LILLI PILLI,12.0,1.0,2.0,12.0,12.0,0.0,0.0,0.0,0.0,Matched,18.037974683544302,1.94,531
Mount Vernon,MOUNT VERNON,12.0,1.0,1.0,12.0,12.0,0.0,0.0,0.0,0.0,Matched,18.037974683544302,1.94,531
South Maroota,SOUTH MAROOTA,12.0,1.0,1.0,12.0,12.0,0.0,0.0,0.0,0.0,Matched,18.037974683544302,1.94,531
Barangaroo,BARANGAROO,8.0,2.0,3.0,8.0,2.0,0.0,0.0,6.0,0.0,Matched,11.629746835443038,1.93,539
Birchgrove,BIRCHGROVE,8.0,2.0,1.0,8.0,6.0,0.0,0.0,2.0,0.0,Matched,11.629746835443038,1.93,539
Millers Point,MILLERS POINT,8.0,2.0,4.0,8.0,7.0,1.0,0.0,0.0,0.0,Matched,11.629746835443038,1.93,539
Banksmeadow,BANKSMEADOW,11.0,1.0,3.0,11.0,11.0,0.0,0.0,0.0,0.0,Matched,16.297468354430382,1.8,542
Canada Bay,CANADA BAY,11.0,1.0,2.0,11.0,11.0,0.0,0.0,0.0,0.0,Matched,16.297468354430382,1.8,542
Denistone East,DENISTONE EAST,11.0,1.0,2.0,11.0,11.0,0.0,0.0,0.0,0.0,Matched,16.297468354430382,1.8,542
Eastgardens,EASTGARDENS,11.0,1.0,3.0,11.0,11.0,0.0,0.0,0.0,0.0,Matched,16.297468354430382,1.8,542
Enfield,ENFIELD,11.0,1.0,2.0,11.0,11.0,0.0,0.0,0.0,0.0,Matched,16.297468354430382,1.8,542
Middleton Grange,MIDDLETON GRANGE,11.0,1.0,2.0,11.0,11.0,0.0,0.0,0.0,0.0,Matched,16.297468354430382,1.8,542
North Wahroonga,NORTH WAHROONGA,11.0,1.0,2.0,11.0,11.0,0.0,0.0,0.0,0.0,Matched,16.297468354430382,1.8,542
Varroville,VARROVILLE,11.0,1.0,1.0,11.0,11.0,0.0,0.0,0.0,0.0,Matched,16.297468354430382,1.8,542
Banksia,BANKSIA,6.0,2.0,2.0,10.0,5.0,1.0,4.0,0.0,0.0,Matched,8.781645569620252,1.7,550
Mulgrave,MULGRAVE,6.0,2.0,1.0,8.0,5.0,1.0,2.0,0.0,0.0,Matched,8.781645569620252,1.7,550
Cartwright,CARTWRIGHT,10.0,1.0,2.0,10.0,10.0,0.0,0.0,0.0,0.0,Matched,14.715189873417723,1.68,552
Dolls Point,DOLLS POINT,10.0,1.0,1.0,10.0,10.0,0.0,0.0,0.0,0.0,Matched,14.715189873417723,1.68,552
Elizabeth Hills,ELIZABETH HILLS,10.0,1.0,1.0,10.0,10.0,0.0,0.0,0.0,0.0,Matched,14.715189873417723,1.68,552
Shanes Park,SHANES PARK,10.0,1.0,1.0,10.0,10.0,0.0,0.0,0.0,0.0,Matched,14.715189873417723,1.68,552
Agnes Banks,AGNES BANKS,9.0,1.0,2.0,9.0,9.0,0.0,0.0,0.0,0.0,Matched,13.370253164556962,1.57,556
Carss Park,CARSS PARK,9.0,1.0,1.0,9.0,9.0,0.0,0.0,0.0,0.0,Matched,13.370253164556962,1.57,556
Whale Beach,WHALE BEACH,9.0,1.0,2.0,9.0,9.0,0.0,0.0,0.0,0.0,Matched,13.370253164556962,1.57,556
Henley,HENLEY,4.0,2.0,2.0,4.0,3.0,0.0,0.0,1.0,0.0,Matched,5.9335443037974684,1.47,559
Wolli Creek,WOLLI CREEK,4.0,2.0,4.0,8.0,3.0,1.0,4.0,0.0,0.0,Matched,5.9335443037974684,1.47,559
Bardwell Valley,BARDWELL VALLEY,8.0,1.0,3.0,8.0,8.0,0.0,0.0,0.0,0.0,Matched,11.629746835443038,1.43,561
Breakfast Point,BREAKFAST POINT,8.0,1.0,3.0,8.0,8.0,0.0,0.0,0.0,0.0,Matched,11.629746835443038,1.43,561
Chippendale,CHIPPENDALE,8.0,1.0,4.0,8.0,8.0,0.0,0.0,0.0,0.0,Matched,11.629746835443038,1.43,561
Clontarf,CLONTARF,8.0,1.0,1.0,8.0,8.0,0.0,0.0,0.0,0.0,Matched,11.629746835443038,1.43,561
Naremburn,NAREMBURN,8.0,1.0,3.0,8.0,8.0,0.0,0.0,0.0,0.0,Matched,11.629746835443038,1.43,561
Parklea,PARKLEA,8.0,1.0,3.0,8.0,8.0,0.0,0.0,0.0,0.0,Matched,11.629746835443038,1.43,561
Roseville Chase,ROSEVILLE CHASE,8.0,1.0,1.0,8.0,8.0,0.0,0.0,0.0,0.0,Matched,11.629746835443038,1.43,561
Sandringham,SANDRINGHAM,8.0,1.0,1.0,8.0,8.0,0.0,0.0,0.0,0.0,Matched,11.629746835443038,1.43,561
Wedderburn,WEDDERBURN,8.0,1.0,1.0,8.0,8.0,0.0,0.0,0.0,0.0,Matched,11.629746835443038,1.43,561
Woodpark,WOODPARK,8.0,1.0,1.0,8.0,8.0,0.0,0.0,0.0,0.0,Matched,11.629746835443038,1.43,561
Bardia,BARDIA,7.0,1.0,2.0,7.0,7.0,0.0,0.0,0.0,0.0,Matched,10.126582278481013,1.31,571
Daceyville,DACEYVILLE,7.0,1.0,1.0,7.0,7.0,0.0,0.0,0.0,0.0,Matched,10.126582278481013,1.31,571
Eveleigh,EVELEIGH,3.0,2.0,4.0,17.0,1.0,2.0,14.0,0.0,0.0,Matched,3.8765822784810124,1.31,571
Sandy Point,SANDY POINT,7.0,1.0,1.0,7.0,7.0,0.0,0.0,0.0,0.0,Matched,10.126582278481013,1.31,571
Tamarama,TAMARAMA,7.0,1.0,2.0,7.0,7.0,0.0,0.0,0.0,0.0,Matched,10.126582278481013,1.31,571
Wentworth Point,WENTWORTH POINT,7.0,1.0,2.0,7.0,7.0,0.0,0.0,0.0,0.0,Matched,10.126582278481013,1.31,571
Allawah,ALLAWAH,6.0,1.0,1.0,6.0,6.0,0.0,0.0,0.0,0.0,Matched,8.781645569620252,1.2,577
Clyde,CLYDE,6.0,1.0,1.0,6.0,6.0,0.0,0.0,0.0,0.0,Matched,8.781645569620252,1.2,577
Elizabeth Bay,ELIZABETH BAY,6.0,1.0,2.0,6.0,6.0,0.0,0.0,0.0,0.0,Matched,8.781645569620252,1.2,577
Hillsdale,HILLSDALE,6.0,1.0,2.0,6.0,6.0,0.0,0.0,0.0,0.0,Matched,8.781645569620252,1.2,577
Huntleys Point,HUNTLEYS POINT,6.0,1.0,2.0,6.0,6.0,0.0,0.0,0.0,0.0,Matched,8.781645569620252,1.2,577
Kangaroo Point,KANGAROO POINT,6.0,1.0,1.0,6.0,6.0,0.0,0.0,0.0,0.0,Matched,8.781645569620252,1.2,577
Kirkham,KIRKHAM,6.0,1.0,1.0,6.0,6.0,0.0,0.0,0.0,0.0,Matched,8.781645569620252,1.2,577
Long Point,LONG POINT,6.0,1.0,1.0,6.0,6.0,0.0,0.0,0.0,0.0,Matched,8.781645569620252,1.2,577
Pleasure Point,PLEASURE POINT,6.0,1.0,1.0,6.0,6.0,0.0,0.0,0.0,0.0,Matched,8.781645569620252,1.2,577
Wisemans Ferry,WISEMANS FERRY,6.0,1.0,1.0,6.0,6.0,0.0,0.0,0.0,0.0,Matched,8.781645569620252,1.2,577
Camellia,CAMELLIA,2.0,2.0,2.0,3.0,1.0,1.0,1.0,0.0,0.0,Matched,1.8196202531645569,1.15,587
Kurraba Point,KURRABA POINT,2.0,2.0,1.0,2.0,1.0,0.0,0.0,1.0,0.0,Matched,1.8196202531645569,1.15,587
Bankstown Aerodrome,BANKSTOWN AERODROME,5.0,1.0,1.0,5.0,5.0,0.0,0.0,0.0,0.0,Matched,7.357594936708861,1.09,589
Carnes Hill,CARNES HILL,5.0,1.0,2.0,5.0,5.0,0.0,0.0,0.0,0.0,Matched,7.357594936708861,1.09,589
Dolans Bay,DOLANS BAY,5.0,1.0,2.0,5.0,5.0,0.0,0.0,0.0,0.0,Matched,7.357594936708861,1.09,589
Len Waters Estate,LEN WATERS ESTATE,5.0,1.0,1.0,5.0,5.0,0.0,0.0,0.0,0.0,Matched,7.357594936708861,1.09,589
Mount Lewis,MOUNT LEWIS,5.0,1.0,1.0,5.0,5.0,0.0,0.0,0.0,0.0,Matched,7.357594936708861,1.09,589
Windsor Downs,WINDSOR DOWNS,5.0,1.0,1.0,5.0,5.0,0.0,0.0,0.0,0.0,Matched,7.357594936708861,1.09,589
Darlington,DARLINGTON,4.0,1.0,2.0,4.0,4.0,0.0,0.0,0.0,0.0,Matched,5.9335443037974684,0.97,595
Denistone West,DENISTONE WEST,4.0,1.0,1.0,4.0,4.0,0.0,0.0,0.0,0.0,Matched,5.9335443037974684,0.97,595
Kyle Bay,KYLE BAY,4.0,1.0,1.0,4.0,4.0,0.0,0.0,0.0,0.0,Matched,5.9335443037974684,0.97,595
Linley Point,LINLEY POINT,4.0,1.0,1.0,4.0,4.0,0.0,0.0,0.0,0.0,Matched,5.9335443037974684,0.97,595
Mays Hill,MAYS HILL,4.0,1.0,1.0,4.0,4.0,0.0,0.0,0.0,0.0,Matched,5.9335443037974684,0.97,595
Mortlake,MORTLAKE,4.0,1.0,2.0,4.0,4.0,0.0,0.0,0.0,0.0,Matched,5.9335443037974684,0.97,595
Phillip Bay,PHILLIP BAY,4.0,1.0,1.0,4.0,4.0,0.0,0.0,0.0,0.0,Matched,5.9335443037974684,0.97,595
Port Botany,PORT BOTANY,4.0,1.0,1.0,4.0,4.0,0.0,0.0,0.0,0.0,Matched,5.9335443037974684,0.97,595
Tennyson Point,TENNYSON POINT,4.0,1.0,1.0,4.0,4.0,0.0,0.0,0.0,0.0,Matched,5.9335443037974684,0.97,595
Wareemba,WAREEMBA,4.0,1.0,1.0,4.0,4.0,0.0,0.0,0.0,0.0,Matched,5.9335443037974684,0.97,595
Beaconsfield,BEACONSFIELD,3.0,1.0,1.0,3.0,3.0,0.0,0.0,0.0,0.0,Matched,3.8765822784810124,0.81,605
Blairmount,BLAIRMOUNT,3.0,1.0,1.0,3.0,3.0,0.0,0.0,0.0,0.0,Matched,3.8765822784810124,0.81,605
Burwood Heights,BURWOOD HEIGHTS,3.0,1.0,1.0,3.0,3.0,0.0,0.0,0.0,0.0,Matched,3.8765822784810124,0.81,605
Dawes Point,DAWES POINT,3.0,1.0,2.0,3.0,3.0,0.0,0.0,0.0,0.0,Matched,3.8765822784810124,0.81,605
Enmore,ENMORE,3.0,1.0,3.0,3.0,3.0,0.0,0.0,0.0,0.0,Matched,3.8765822784810124,0.81,605
Holroyd,HOLROYD,3.0,1.0,1.0,3.0,3.0,0.0,0.0,0.0,0.0,Matched,3.8765822784810124,0.81,605
La Perouse,LA PEROUSE,3.0,1.0,2.0,3.0,3.0,0.0,0.0,0.0,0.0,Matched,3.8765822784810124,0.81,605
Lavender Bay,LAVENDER BAY,3.0,1.0,2.0,3.0,3.0,0.0,0.0,0.0,0.0,Matched,3.8765822784810124,0.81,605
Lucas Heights,LUCAS HEIGHTS,3.0,1.0,1.0,3.0,3.0,0.0,0.0,0.0,0.0,Matched,3.8765822784810124,0.81,605
Maianbar,MAIANBAR,3.0,1.0,1.0,3.0,3.0,0.0,0.0,0.0,0.0,Matched,3.8765822784810124,0.81,605
Point Piper,POINT PIPER,3.0,1.0,1.0,3.0,3.0,0.0,0.0,0.0,0.0,Matched,3.8765822784810124,0.81,605
Port Hacking,PORT HACKING,3.0,1.0,1.0,3.0,3.0,0.0,0.0,0.0,0.0,Matched,3.8765822784810124,0.81,605
Rushcutters Bay,RUSHCUTTERS BAY,3.0,1.0,1.0,3.0,3.0,0.0,0.0,0.0,0.0,Matched,3.8765822784810124,0.81,605
Berrilee,BERRILEE,2.0,1.0,1.0,2.0,2.0,0.0,0.0,0.0,0.0,Matched,1.8196202531645569,0.65,618
Canoelands,CANOELANDS,2.0,1.0,2.0,2.0,2.0,0.0,0.0,0.0,0.0,Matched,1.8196202531645569,0.65,618
Elvina Bay,ELVINA BAY,2.0,1.0,1.0,2.0,0.0,0.0,0.0,2.0,0.0,Matched,1.8196202531645569,0.65,618
Englorie Park,ENGLORIE PARK,2.0,1.0,1.0,2.0,2.0,0.0,0.0,0.0,0.0,Matched,1.8196202531645569,0.65,618
Fiddletown,FIDDLETOWN,2.0,1.0,1.0,2.0,2.0,0.0,0.0,0.0,0.0,Matched,1.8196202531645569,0.65,618
Gilead,GILEAD,2.0,1.0,1.0,2.0,2.0,0.0,0.0,0.0,0.0,Matched,1.8196202531645569,0.65,618
Lower Portland,LOWER PORTLAND,2.0,1.0,2.0,2.0,2.0,0.0,0.0,0.0,0.0,Matched,1.8196202531645569,0.65,618
Macquarie Links,MACQUARIE LINKS,2.0,1.0,1.0,2.0,2.0,0.0,0.0,0.0,0.0,Matched,1.8196202531645569,0.65,618
Sackville North,SACKVILLE NORTH,2.0,1.0,1.0,2.0,2.0,0.0,0.0,0.0,0.0,Matched,1.8196202531645569,0.65,618
The Rocks,THE ROCKS,2.0,1.0,1.0,2.0,0.0,0.0,0.0,2.0,0.0,Matched,1.8196202531645569,0.65,618
Berowra Waters,BEROWRA WATERS,1.0,1.0,1.0,1.0,1.0,0.0,0.0,0.0,0.0,Matched,0.39556962025316456,0.53,628
Bilgola Beach,BILGOLA BEACH,1.0,1.0,1.0,1.0,1.0,0.0,0.0,0.0,0.0,Matched,0.39556962025316456,0.53,628
Greendale,GREENDALE,1.0,1.0,1.0,1.0,1.0,0.0,0.0,0.0,0.0,Matched,0.39556962025316456,0.53,628
Lansdowne,LANSDOWNE,1.0,1.0,1.0,1.0,1.0,0.0,0.0,0.0,0.0,Matched,0.39556962025316456,0.53,628
Lovett Bay,LOVETT BAY,1.0,1.0,1.0,1.0,0.0,0.0,0.0,1.0,0.0,Matched,0.39556962025316456,0.53,628
Oxford Falls,OXFORD FALLS,1.0,1.0,1.0,1.0,1.0,0.0,0.0,0.0,0.0,Matched,0.39556962025316456,0.53,628
Angus,ANGUS,,,,,,,,,,No matched records,,,
Bradfield,BRADFIELD,,,,,,,,,,No matched records,,,
Clemton Park,CLEMTON PARK,,,,,,,,,,No matched records,,,
Coasters Retreat,COASTERS RETREAT,,,,,,,,,,No matched records,,,
Cottage Point,COTTAGE POINT,,,,,,,,,,No matched records,,,
Currawong Beach,CURRAWONG BEACH,,,,,,,,,,No matched records,,,
Dangar Island,DANGAR ISLAND,,,,,,,,,,No matched records,,,
Forest Glen,FOREST GLEN,,,,,,,,,,No matched records,,,
Gables,GABLES,,,,,,,,,,No matched records,,,
Grantham Farm,GRANTHAM FARM,,,,,,,,,,No matched records,,,
Great Mackerel Beach,GREAT MACKEREL BEACH,,,,,,,,,,No matched records,,,
Greenhills Beach,GREENHILLS BEACH,,,,,,,,,,No matched records,,,
Huntleys Cove,HUNTLEYS COVE,,,,,,,,,,No matched records,,,
Ku-ring-gai Chase,KU-RING-GAI CHASE,,,,,,,,,,No matched records,,,
Laughtondale,LAUGHTONDALE,,,,,,,,,,No matched records,,,
Leets Vale,LEETS VALE,,,,,,,,,,No matched records,,,
Liberty Grove,LIBERTY GROVE,,,,,,,,,,No matched records,,,
McCarrs Creek,MCCARRS CREEK,,,,,,,,,,No matched records,,,
Melonba,MELONBA,,,,,,,,,,No matched records,,,
Milsons Passage,MILSONS PASSAGE,,,,,,,,,,No matched records,,,
Morning Bay,MORNING BAY,,,,,,,,,,No matched records,,,
Nirimba Fields,NIRIMBA FIELDS,,,,,,,,,,No matched records,,,
Potts Hill,POTTS HILL,,,,,,,,,,No matched records,,,
Richards,RICHARDS,,,,,,,,,,No matched records,,,
Scotland Island,SCOTLAND ISLAND,,,,,,,,,,No matched records,,,
Singletons Mill,SINGLETONS MILL,,,,,,,,,,No matched records,,,
Tallawong,TALLAWONG,,,,,,,,,,No matched records,,,
