Suburb,score
Auburn,3.9
Bankstown,6.9
Baulkham Hills,5.3
Blacktown,7.0
Blacktown - North,5.2
Botany,4.9
Bringelly - Green Valley,4.8
Camden,4.8
Campbelltown (NSW),6.3
Canada Bay,6.8
Canterbury,6.8
Carlingford,5.2
Chatswood - Lane Cove,3.6
Cronulla - Miranda - Caringbah,6.9
Dural - Wisemans Ferry,6.4
Eastern Suburbs - North,6.3
Eastern Suburbs - South,5.2
Fairfield,6.2
Hawkesbury,6.1
Hornsby,4.0
Hurstville,5.8
Kogarah - Rockdale,6.5
Ku-ring-gai,4.7
Leichhardt,5.1
Liverpool,6.0
Manly,3.0
Marrickville - Sydenham - Petersham,5.6
Merrylands - Guildford,6.5
Mount Druitt,5.6
North Sydney - Mosman,4.9
Parramatta,6.2
Pennant Hills - Epping,4.2
Penrith,5.8
Pittwater,4.6
Richmond - Windsor,6.4
Rouse Hill - McGraths Hill,4.9
Ryde - Hunters Hill,5.1
St Marys,5.6
Strathfield - Burwood - Ashfield,5.8
Sutherland - Menai - Heathcote,6.2
Sydney Inner City,5.3
Warringah,4.1
Wollondilly,5.7
