Suburb,crime,medical,price,amenities,transport,Student_Liveability_Index
MOSMAN,8.15,5.56,10.0,9.3,8.95,8.87
RANDWICK,7.92,5.56,10.0,9.5,8.84,8.81
CHATSWOOD,7.48,5.56,10.0,9.5,8.52,8.65
VAUCLUSE,8.23,5.56,10.0,8.1,8.01,8.63
NORTH RYDE,8.33,5.56,10.0,7.0,8.49,8.61
GREENWICH,8.32,5.56,10.0,9.0,6.97,8.58
ROSE BAY,7.97,5.56,10.0,7.0,7.24,8.33
MATRAVILLE,7.95,5.56,10.0,8.1,6.39,8.31
NORTH SYDNEY,7.81,5.56,10.0,7.0,7.26,8.3
MASCOT,7.66,5.56,10.0,7.0,7.42,8.28
MANLY,7.07,3.0,10.0,10.0,7.77,8.23
BELLEVUE HILL,8.3,5.56,10.0,5.06,7.08,8.2
FRESHWATER,8.41,5.56,10.0,5.06,6.71,8.17
KINGSFORD,7.83,5.56,10.0,5.6,7.24,8.16
BOTANY,8.11,4.9,10.0,9.3,4.61,8.14
ALEXANDRIA,7.1,5.56,10.0,7.0,7.42,8.14
BRONTE,8.26,5.56,10.0,8.6,4.14,8.1
ROSEBERY,8.06,5.56,10.0,5.6,6.16,8.06
DOVER HEIGHTS,8.31,5.56,10.0,5.06,6.16,8.06
BALMAIN,7.87,5.56,10.0,8.1,4.64,8.03
NORTH BONDI,8.16,5.56,10.0,5.06,5.91,7.99
FAIRLIGHT,8.58,5.56,10.0,5.06,5.18,7.98
RYDE,8.1,5.56,8.0,9.5,8.22,7.96
WOOLLAHRA,8.2,5.56,10.0,7.0,4.27,7.95
LIBERTY GROVE,8.66,5.56,10.0,5.06,4.69,7.93
CRONULLA,7.68,5.56,8.0,9.0,8.68,7.88
COOGEE,7.78,5.56,10.0,5.06,5.59,7.85
HUNTERS HILL,8.25,5.56,8.0,8.6,7.82,7.85
KILLARA,8.42,5.56,8.0,9.0,7.24,7.85
LINDFIELD,8.33,5.56,8.0,8.1,7.82,7.82
LANE COVE,8.32,5.56,8.0,9.3,7.04,7.82
NEUTRAL BAY,8.01,5.56,10.0,3.5,6.09,7.82
KENSINGTON,7.88,5.56,10.0,3.5,6.25,7.81
MONA VALE,8.01,5.56,8.0,9.0,7.59,7.8
MALABAR,7.43,5.56,10.0,5.06,5.81,7.79
CHATSWOOD WEST,8.78,5.56,10.0,5.06,3.39,7.77
CLOVELLY,8.42,5.56,10.0,5.06,3.99,7.77
ST IVES,8.39,5.56,8.0,7.0,8.03,7.76
DARLING POINT,8.27,5.56,10.0,5.06,4.21,7.76
ROSEVILLE,8.47,5.56,8.0,7.0,7.87,7.75
MARRICKVILLE,7.31,5.56,8.0,9.5,7.95,7.73
PADDINGTON,7.87,5.56,10.0,5.06,4.61,7.72
ROZELLE,7.96,5.56,10.0,3.5,5.34,7.7
PYRMONT,7.23,5.56,10.0,3.5,6.48,7.69
MACQUARIE PARK,7.17,5.56,10.0,1.1,8.22,7.69
MAROUBRA,7.54,5.56,8.0,8.1,8.2,7.68
NORTHBRIDGE,8.44,5.56,8.0,9.0,6.01,7.67
DEE WHY,7.96,5.56,8.0,8.1,7.27,7.65
MOORE PARK,7.83,5.56,10.0,3.5,5.11,7.63
EAST RYDE,8.6,5.56,10.0,5.06,2.72,7.62
WAVERLEY,7.81,5.56,10.0,5.06,3.99,7.61
CONCORD WEST,8.1,5.56,10.0,1.1,6.09,7.6
DRUMMOYNE,7.96,5.56,8.0,8.6,6.58,7.59
LITTLE BAY,7.87,5.56,10.0,5.06,3.71,7.59
CURL CURL,8.07,5.56,10.0,5.06,3.39,7.59
SOUTH COOGEE,7.76,5.56,10.0,5.06,3.85,7.58
BONDI BEACH,6.98,5.56,10.0,5.06,5.18,7.58
QUEENSCLIFF,8.5,5.56,10.0,5.06,2.56,7.57
EASTLAKES,7.39,5.56,10.0,5.06,4.27,7.55
WOLLSTONECRAFT,8.39,5.56,10.0,3.5,3.59,7.54
CHIFLEY,7.51,5.56,10.0,5.06,3.99,7.54
LEICHHARDT,7.72,5.1,8.0,8.1,7.17,7.53
QUEENS PARK,8.37,5.56,10.0,5.06,2.45,7.52
CONCORD,7.91,5.56,8.0,5.06,8.47,7.51
AVALON BEACH,8.38,5.56,8.0,5.06,7.72,7.51
BONDI,7.92,5.56,10.0,5.06,3.09,7.51
MCMAHONS POINT,8.46,5.56,10.0,3.5,3.22,7.5
KIRRIBILLI,8.15,5.56,10.0,5.6,2.18,7.48
WEST PYMBLE,8.56,5.56,8.0,5.06,7.18,7.48
BURWOOD,7.01,5.56,8.0,9.0,6.89,7.44
BALMAIN EAST,8.09,5.56,10.0,5.06,2.3,7.43
WILLOUGHBY,8.3,5.56,8.0,8.1,5.18,7.42
DOUBLE BAY,7.14,5.56,10.0,5.6,3.4,7.41
GLEBE,5.76,5.56,10.0,3.5,7.12,7.41
RHODES,7.95,5.56,10.0,1.1,4.99,7.4
SYDNEY OLYMPIC PARK,6.81,5.56,8.0,8.6,7.22,7.4
NAREMBURN,8.44,5.56,10.0,5.06,1.43,7.39
SEAFORTH,8.36,5.56,8.0,5.06,6.92,7.39
FRENCHS FOREST,8.36,5.56,8.0,3.5,7.86,7.38
PYMBLE,8.46,5.56,8.0,3.5,7.72,7.38
CROMER,8.28,5.56,8.0,5.06,6.83,7.36
REDFERN,5.78,5.56,10.0,7.0,4.39,7.36
GORDON,8.27,5.56,8.0,7.0,5.55,7.36
BALGOWLAH,8.34,5.56,8.0,5.06,6.78,7.36
WAVERTON,8.37,5.56,10.0,3.5,2.44,7.36
LANE COVE NORTH,8.46,5.56,8.0,5.06,6.34,7.33
CAMPERDOWN,6.77,5.56,10.0,5.06,3.85,7.33
FOREST LODGE,7.91,5.56,10.0,5.06,1.94,7.33
STANMORE,7.87,5.56,10.0,3.5,2.95,7.32
BIRCHGROVE,8.48,5.56,10.0,3.5,1.93,7.32
NEWPORT,8.28,5.56,8.0,5.06,6.62,7.32
GLADESVILLE,8.11,5.56,8.0,5.06,6.87,7.32
BARANGAROO,7.83,5.56,10.0,5.06,1.93,7.31
KURRABA POINT,8.26,5.56,10.0,5.06,1.15,7.3
WARRIEWOOD,8.23,5.56,8.0,5.06,6.47,7.29
CROWS NEST,7.69,5.56,10.0,1.1,4.64,7.28
MANLY VALE,8.08,5.56,8.0,7.0,5.37,7.28
TAMARAMA,8.09,5.56,10.0,5.06,1.31,7.28
ALLAMBIE HEIGHTS,8.4,5.56,8.0,5.06,6.01,7.26
BEACON HILL,8.41,5.56,8.0,5.06,5.91,7.25
ELIZABETH BAY,8.01,5.56,10.0,5.06,1.2,7.24
NARRABEEN,8.19,5.56,8.0,8.6,3.85,7.24
FIVE DOCK,7.81,5.56,8.0,5.06,6.87,7.24
POINT PIPER,8.18,5.56,10.0,5.06,0.81,7.23
MILLERS POINT,7.51,5.56,10.0,5.06,1.93,7.23
DARLINGTON,8.1,5.56,10.0,5.06,0.97,7.23
EVELEIGH,7.83,5.56,10.0,5.06,1.31,7.22
PUTNEY,8.31,5.56,8.0,5.6,5.44,7.21
EAST LINDFIELD,8.55,5.56,8.0,5.06,5.37,7.2
SURRY HILLS,5.21,5.56,10.0,3.5,6.59,7.2
EPPING,8.36,5.56,6.0,8.1,8.91,7.19
WATSONS BAY,7.83,5.56,10.0,3.5,2.07,7.17
PORT BOTANY,7.83,5.56,10.0,5.06,0.97,7.16
PHILLIP BAY,7.83,5.56,10.0,5.06,0.97,7.16
HURSTVILLE,7.63,5.8,6.0,9.7,8.65,7.16
ARNCLIFFE,7.85,5.56,8.0,7.0,4.89,7.15
NORTH NARRABEEN,8.13,5.56,8.0,5.06,5.68,7.15
LAVENDER BAY,7.83,5.56,10.0,5.06,0.81,7.14
DAWES POINT,7.83,5.56,10.0,5.06,0.81,7.14
CREMORNE,8.35,5.56,8.0,5.06,5.18,7.13
FORESTVILLE,8.43,5.56,8.0,5.06,5.05,7.13
CASTLE HILL,8.03,5.56,6.0,8.1,8.99,7.12
BONDI JUNCTION,5.87,5.56,10.0,1.1,6.58,7.12
ULTIMO,6.74,5.56,10.0,5.6,2.07,7.11
WATERLOO,6.52,5.56,10.0,1.1,5.34,7.1
RIVERVIEW,8.3,5.56,8.0,5.06,5.11,7.1
COLLAROY,8.2,5.56,8.0,7.0,3.99,7.1
BALGOWLAH HEIGHTS,8.67,5.56,8.0,5.06,4.39,7.09
PALM BEACH,8.45,5.56,8.0,5.06,4.73,7.08
NARRAWEENA,8.14,5.56,8.0,5.06,5.18,7.07
ANNANDALE,8.03,5.56,8.0,7.0,4.06,7.07
ERSKINEVILLE,8.0,5.56,10.0,1.1,2.68,7.07
ST LEONARDS,7.81,5.56,10.0,1.1,2.95,7.06
STRATHFIELD,7.7,5.56,6.0,8.6,8.82,7.06
NORTH BALGOWLAH,8.49,5.56,8.0,5.06,4.49,7.06
MILSONS POINT,7.72,5.56,10.0,1.1,3.07,7.06
GREENHILLS BEACH,8.35,5.56,8.0,5.06,4.69,7.05
ZETLAND,7.78,5.56,10.0,1.1,2.9,7.05
EDGECLIFF,7.35,5.56,10.0,1.1,3.59,7.04
CHIPPENDALE,7.03,5.56,10.0,5.06,1.43,7.03
BEXLEY,8.12,5.56,6.0,8.1,8.23,7.03
CENTENNIAL PARK,7.86,5.56,10.0,1.1,2.68,7.03
BURRANEER,8.43,5.56,8.0,3.5,5.37,7.02
CASTLE COVE,8.56,5.56,8.0,5.06,4.14,7.02
HILLSDALE,7.68,5.56,10.0,3.5,1.2,7.01
EASTWOOD,8.2,5.56,6.0,7.0,8.68,7.01
EAST KILLARA,8.56,5.56,8.0,5.06,3.99,7.0
LA PEROUSE,7.83,5.56,10.0,3.5,0.81,6.98
CAMMERAY,8.24,5.56,8.0,7.0,3.09,6.98
EASTGARDENS,6.58,5.56,10.0,5.06,1.8,6.98
PETERSHAM,7.77,5.56,8.0,5.6,4.77,6.97
LIDCOMBE,7.67,5.56,6.0,8.1,8.55,6.97
RUSHCUTTERS BAY,7.73,5.56,10.0,3.5,0.81,6.96
COLLAROY PLATEAU,8.49,5.56,8.0,5.06,3.85,6.96
HAYMARKET,3.91,5.56,10.0,3.5,7.16,6.96
ST PETERS,7.71,5.56,8.0,8.1,3.06,6.95
NORTH MANLY,8.34,5.56,8.0,5.06,3.99,6.95
ASHFIELD,7.74,5.56,6.0,8.1,8.28,6.94
DACEYVILLE,6.71,5.56,10.0,5.06,1.31,6.94
NORTH CURL CURL,8.29,5.56,8.0,5.06,3.99,6.93
HUNTLEYS COVE,7.83,5.56,8.0,5.06,4.69,6.92
COASTERS RETREAT,7.83,5.56,8.0,5.06,4.69,6.92
GREAT MACKEREL BEACH,7.83,5.56,8.0,5.06,4.69,6.92
DARLINGHURST,6.13,5.56,10.0,1.1,4.84,6.92
CREMORNE POINT,8.37,5.56,8.0,5.06,3.77,6.92
CURRAWONG BEACH,7.83,5.56,8.0,5.06,4.69,6.92
NORTH WILLOUGHBY,8.56,5.56,8.0,5.06,3.39,6.91
BEACONSFIELD,8.46,5.56,10.0,1.1,0.81,6.9
BAYVIEW,8.43,5.56,8.0,5.06,3.56,6.9
CANTERBURY,7.91,6.8,6.0,9.5,5.98,6.9
ELANORA HEIGHTS,8.3,5.56,8.0,5.06,3.71,6.89
CARINGBAH,7.12,5.56,6.0,9.3,8.13,6.89
BANKSMEADOW,7.83,5.56,10.0,1.1,1.8,6.89
NORTH STRATHFIELD,8.13,5.56,8.0,5.06,3.97,6.89
ST IVES CHASE,8.62,5.56,8.0,5.06,3.09,6.88
LILYFIELD,7.69,5.56,8.0,5.06,4.64,6.88
WOOLOOWARE,7.93,5.56,8.0,3.5,5.23,6.87
CARLINGFORD,8.18,5.2,6.0,5.6,8.96,6.87
LANE COVE WEST,8.26,5.56,8.0,5.06,3.56,6.86
LONGUEVILLE,8.3,5.56,8.0,5.6,3.06,6.85
WHEELER HEIGHTS,8.57,5.56,8.0,5.06,2.9,6.84
BELROSE,8.36,5.56,6.0,7.0,7.22,6.83
GRANVILLE,7.19,5.56,6.0,8.6,8.11,6.83
SUMMER HILL,7.91,5.56,8.0,5.6,3.59,6.83
MIDDLE COVE,8.6,5.56,8.0,5.06,2.72,6.82
INGLESIDE,8.29,5.56,8.0,5.06,3.27,6.82
WILLOUGHBY EAST,8.69,5.56,8.0,5.06,2.56,6.82
BILGOLA PLATEAU,8.51,5.56,8.0,5.06,2.9,6.82
TURRAMURRA,8.32,5.56,6.0,5.6,8.04,6.8
WEST RYDE,7.89,5.56,6.0,7.0,7.75,6.79
KOGARAH,7.64,5.56,6.0,9.0,6.8,6.79
OATLEY,8.37,5.56,6.0,7.0,6.89,6.78
CANADA BAY,8.48,6.8,8.0,5.06,1.8,6.78
RUSSELL LEA,8.51,5.56,8.0,5.06,2.56,6.77
MIRANDA,7.45,5.56,6.0,7.0,8.36,6.77
KILLARNEY HEIGHTS,8.47,5.56,8.0,5.06,2.56,6.76
BUNDEENA,7.94,5.56,8.0,5.06,3.4,6.76
SYDNEY,0.79,5.56,10.0,5.06,9.86,6.74
PAGEWOOD,7.91,5.56,8.0,5.06,3.27,6.73
WAHROONGA,8.43,5.56,6.0,3.5,8.75,6.73
THE ROCKS,7.83,5.56,10.0,1.1,0.65,6.72
GYMEA,8.14,5.56,6.0,7.0,6.89,6.72
CASTLECRAG,8.37,5.56,8.0,5.06,2.45,6.72
WOOLWICH,7.83,5.56,8.0,5.06,3.22,6.7
HORNSBY,7.65,4.0,6.0,7.0,8.59,6.7
PARRAMATTA,5.43,6.2,6.0,9.7,8.97,6.69
RODD POINT,8.42,5.56,8.0,5.06,2.07,6.68
EARLWOOD,8.22,5.56,6.0,5.06,7.68,6.67
NEWINGTON,8.52,5.56,8.0,3.5,2.9,6.67
CABARITA,8.52,5.56,8.0,3.5,2.81,6.66
ROCKDALE,7.74,5.56,6.0,7.0,7.1,6.66
CARINGBAH SOUTH,8.48,5.56,6.0,5.06,7.13,6.65
CROYDON,8.27,5.56,6.0,5.6,7.1,6.65
SUTHERLAND,7.51,5.56,6.0,9.7,5.55,6.64
DENISTONE EAST,8.42,5.56,8.0,5.06,1.8,6.64
CLAREVILLE,7.83,5.56,8.0,5.06,2.72,6.63
ROSEVILLE CHASE,8.59,5.56,8.0,5.06,1.43,6.62
ASQUITH,8.21,5.56,6.0,7.0,5.98,6.61
BREAKFAST POINT,8.49,5.56,8.0,5.06,1.43,6.6
MORTDALE,8.07,5.56,6.0,8.1,5.44,6.6
WOOLLOOMOOLOO,5.5,5.56,10.0,3.5,2.07,6.59
TENNYSON POINT,8.73,5.56,8.0,5.06,0.97,6.59
MARSFIELD,8.36,5.56,6.0,5.06,6.92,6.59
CLONTARF,8.4,5.56,8.0,5.06,1.43,6.58
WAREEMBA,8.56,5.56,8.0,5.06,0.97,6.55
NORTHWOOD,7.83,5.56,8.0,5.06,2.18,6.55
HORNSBY HEIGHTS,8.45,5.56,6.0,5.06,6.47,6.54
SYLVANIA,7.96,5.56,6.0,5.06,7.13,6.52
MORTLAKE,8.4,5.56,8.0,5.06,0.97,6.51
POTTS POINT,5.37,5.56,10.0,1.1,3.31,6.51
CHISWICK,8.39,5.56,8.0,3.5,2.07,6.51
ERMINGTON,7.86,5.56,6.0,5.06,7.22,6.51
ABBOTSFORD,8.25,5.56,8.0,1.1,3.77,6.49
BLAKEHURST,8.27,5.56,6.0,5.06,6.39,6.49
WENTWORTH POINT,8.1,5.56,8.0,5.06,1.31,6.48
ARTARMON,8.01,5.56,6.0,8.1,4.77,6.48
WOLLI CREEK,7.87,5.56,8.0,5.06,1.47,6.45
SANS SOUCI,8.19,5.56,6.0,5.06,6.3,6.45
WHALE BEACH,7.83,5.56,8.0,5.06,1.57,6.45
LEWISHAM,7.83,5.56,8.0,1.1,4.09,6.44
KIRRAWEE,7.95,5.56,6.0,3.5,7.63,6.44
HENLEY,7.83,5.56,8.0,5.06,1.47,6.44
BONNET BAY,8.54,5.56,6.0,5.06,5.48,6.42
LOFTUS,8.38,5.56,6.0,3.5,6.66,6.4
HUNTLEYS POINT,7.83,5.56,8.0,5.06,1.2,6.4
CARLTON,8.29,5.56,6.0,3.5,6.72,6.39
CROYDON PARK,8.25,5.56,6.0,5.06,5.59,6.36
LINLEY POINT,7.83,5.56,8.0,5.06,0.97,6.36
BANKSTOWN,6.97,6.9,4.0,9.8,8.94,6.35
SOUTH GRANVILLE,7.61,5.56,6.0,5.06,6.53,6.34
MAIANBAR,7.83,5.56,8.0,5.06,0.81,6.34
ENMORE,7.75,5.56,8.0,5.06,0.81,6.32
DULWICH HILL,7.92,5.56,6.0,3.5,6.91,6.32
SYDENHAM,7.5,5.56,8.0,3.5,2.18,6.31
ENGADINE,8.14,5.56,4.0,8.1,8.63,6.3
OXFORD FALLS,7.83,5.56,8.0,5.06,0.53,6.3
BELFIELD,8.23,5.56,6.0,5.06,5.18,6.3
BILGOLA BEACH,7.83,5.56,8.0,5.06,0.53,6.3
NORTH TURRAMURRA,8.42,5.56,6.0,5.06,4.84,6.29
OYSTER BAY,8.44,5.56,6.0,5.06,4.73,6.28
MERRYLANDS,7.4,5.56,4.0,9.5,8.85,6.28
GUILDFORD,7.38,5.56,4.0,9.5,8.77,6.27
SOUTH HURSTVILLE,8.04,5.56,6.0,5.06,5.18,6.25
KINGSGROVE,8.09,5.56,4.0,8.1,8.34,6.24
TEMPE,8.03,5.56,8.0,1.1,2.44,6.24
CLEMTON PARK,8.29,5.56,6.0,5.06,4.69,6.24
JANNALI,7.96,5.56,6.0,5.6,4.77,6.22
BEECROFT,8.55,5.56,6.0,1.1,6.76,6.22
MONTEREY,8.2,5.56,6.0,5.06,4.61,6.2
KURNELL,7.55,5.56,6.0,5.06,5.68,6.2
BERALA,8.26,5.56,6.0,1.1,7.07,6.19
DENISTONE,8.42,5.56,6.0,5.6,3.77,6.19
HORSLEY PARK,7.8,5.56,5.33,5.06,6.99,6.19
GRAYS POINT,8.23,5.56,6.0,5.06,4.39,6.18
DURAL,8.25,5.56,4.0,8.1,7.65,6.18
TURRELLA,7.84,5.56,8.0,1.1,2.3,6.17
COMO,8.41,5.56,6.0,5.6,3.59,6.16
BAULKHAM HILLS,8.23,5.3,4.0,7.0,8.47,6.16
NORTH EPPING,8.51,5.56,6.0,5.06,3.71,6.15
REVESBY,7.36,5.56,4.0,8.6,8.61,6.15
CHERRYBROOK,8.58,5.56,4.0,5.6,8.47,6.13
MILSONS PASSAGE,7.83,5.56,6.0,5.06,4.69,6.12
DANGAR ISLAND,7.83,5.56,6.0,5.06,4.69,6.12
NEWTOWN,6.32,5.56,8.0,1.1,4.49,6.12
SOUTH TURRAMURRA,8.41,5.56,6.0,5.06,3.71,6.12
BELMORE,7.86,5.56,4.0,9.0,7.28,6.11
AUBURN,7.53,3.9,4.0,9.0,8.9,6.11
KAREELA,8.42,5.56,6.0,5.06,3.56,6.1
WORONORA,8.38,5.56,6.0,5.06,3.56,6.09
NORMANHURST,8.39,5.56,6.0,1.1,6.18,6.09
KELLYVILLE,8.32,5.56,4.0,5.6,8.59,6.08
GYMEA BAY,8.42,5.56,6.0,5.06,3.27,6.06
WEST PENNANT HILLS,8.53,5.56,4.0,5.06,8.27,6.03
PENSHURST,8.04,5.56,4.0,8.1,7.03,6.03
HEATHCOTE,8.27,5.56,4.0,7.0,7.37,6.03
KOGARAH BAY,8.31,5.56,6.0,5.06,3.27,6.03
HABERFIELD,8.25,5.56,6.0,1.1,6.01,6.03
TERREY HILLS,8.35,5.56,5.33,5.06,4.94,6.02
HURSTVILLE GROVE,8.29,5.56,6.0,5.06,3.09,6.0
BRIGHTON-LE-SANDS,7.62,5.56,6.0,3.5,5.28,6.0
HURLSTONE PARK,8.2,5.56,6.0,3.5,4.21,5.99
ROUSE HILL,7.47,5.56,4.0,7.0,8.41,5.99
SILVERWATER,7.38,5.56,6.0,5.06,4.49,5.98
ORCHARD HILLS,7.88,5.56,5.33,5.06,5.37,5.97
GREYSTANES,8.14,5.56,4.0,5.06,8.39,5.96
MELROSE PARK,8.05,5.56,6.0,5.06,3.27,5.96
KENTHURST,8.41,5.56,4.0,5.06,7.93,5.95
ASHBURY,8.49,5.56,6.0,5.06,2.45,5.95
CONNELLS POINT,8.52,5.56,6.0,5.06,2.31,5.94
PADSTOW,7.94,5.56,4.0,5.6,8.27,5.94
YOWIE BAY,8.3,5.56,6.0,5.06,2.72,5.94
BEXLEY NORTH,8.2,5.56,6.0,1.1,5.44,5.93
LAKEMBA,7.74,5.56,4.0,7.0,7.54,5.92
SYLVANIA WATERS,8.09,5.56,6.0,5.06,2.9,5.92
ROOKWOOD,7.83,5.56,6.0,5.06,3.27,5.91
GREENACRE,7.67,5.56,4.0,5.6,8.42,5.9
DAVIDSON,8.59,5.56,6.0,5.06,1.94,5.9
BROOKLYN,7.83,5.56,6.0,3.5,4.27,5.9
GLENHAVEN,8.46,5.56,4.0,5.06,7.37,5.88
STRATHFIELD SOUTH,8.08,5.56,6.0,5.06,2.56,5.87
PANANIA,8.01,5.56,4.0,5.6,7.58,5.86
CHELTENHAM,8.51,5.56,6.0,3.5,2.81,5.86
LILLI PILLI,8.39,5.56,6.0,5.06,1.94,5.85
NORTH WAHROONGA,8.46,5.56,6.0,5.06,1.8,5.85
KYEEMAGH,7.83,5.56,6.0,5.06,2.9,5.85
COTTAGE POINT,7.83,5.56,5.33,5.06,4.69,5.85
MCCARRS CREEK,7.83,5.56,5.33,5.06,4.69,5.85
MORNING BAY,7.83,5.56,5.33,5.06,4.69,5.85
SCOTLAND ISLAND,7.83,5.56,5.33,5.06,4.69,5.85
BEVERLEY PARK,8.4,5.56,6.0,5.06,1.94,5.85
KU-RING-GAI CHASE,7.83,5.56,5.33,5.06,4.69,5.85
TAREN POINT,7.6,5.56,6.0,5.06,3.09,5.83
PEAKHURST,8.1,5.56,4.0,5.06,7.65,5.83
CAMPSIE,7.94,5.56,4.0,5.6,7.51,5.83
WINSTON HILLS,8.22,5.56,4.0,5.06,7.41,5.83
CONDELL PARK,8.07,5.56,4.0,5.06,7.59,5.82
RIVERWOOD,7.18,5.56,4.0,7.0,7.82,5.82
NORTH ROCKS,8.2,5.56,4.0,5.06,7.37,5.82
RAMSGATE BEACH,8.02,5.56,6.0,5.06,2.31,5.81
WARRAWEE,8.43,5.56,6.0,3.5,2.57,5.8
BARDWELL VALLEY,8.49,5.56,6.0,5.06,1.43,5.8
MOUNT COLAH,8.41,5.56,4.0,3.5,7.91,5.8
ENFIELD,8.24,5.56,6.0,5.06,1.8,5.79
WENTWORTHVILLE,7.64,5.56,4.0,5.6,7.72,5.78
THORNLEIGH,8.1,5.56,4.0,3.5,8.25,5.77
ALLAWAH,8.27,5.56,6.0,5.6,1.2,5.76
DOLLS POINT,8.17,5.56,6.0,5.06,1.68,5.76
PENNANT HILLS,8.28,5.56,4.0,5.6,6.51,5.76
BARDWELL PARK,8.26,5.56,6.0,1.1,4.21,5.76
SANDRINGHAM,8.25,5.56,6.0,5.06,1.43,5.74
HOMEBUSH,7.78,5.56,6.0,1.1,4.89,5.74
KYLE BAY,8.47,5.56,6.0,5.06,0.97,5.72
NORTH KELLYVILLE,8.34,5.56,4.0,5.06,6.47,5.72
BROOKVALE,4.08,5.56,8.0,3.5,3.99,5.72
GEORGES HALL,8.16,5.56,4.0,5.06,6.78,5.72
SCHOFIELDS,8.05,5.56,4.0,3.5,7.99,5.72
CHURCH POINT,8.15,5.56,5.33,3.5,4.27,5.71
BURWOOD HEIGHTS,8.46,5.56,6.0,5.06,0.81,5.7
MENAI,8.0,5.56,4.0,5.06,6.83,5.69
PUNCHBOWL,7.72,5.56,4.0,3.5,8.39,5.69
CARSS PARK,7.96,5.56,6.0,5.06,1.57,5.69
VOYAGER POINT,8.57,5.56,5.33,5.06,2.31,5.68
ROSEHILL,7.07,5.56,6.0,5.06,2.95,5.67
DUFFYS FOREST,7.83,5.56,5.33,5.06,3.47,5.67
SOUTH WENTWORTHVILLE,7.86,5.56,4.0,5.06,6.97,5.67
TOONGABBIE,7.51,5.56,4.0,5.6,7.13,5.66
BASS HILL,7.55,5.56,4.0,5.06,7.27,5.64
NORTH PARRAMATTA,7.39,5.56,4.0,5.06,7.45,5.63
DUNDAS,8.22,5.56,4.0,7.0,4.77,5.63
BEVERLY HILLS,8.06,5.56,4.0,3.5,7.33,5.62
RAMSGATE,7.34,5.56,6.0,5.06,2.07,5.61
MILPERRA,7.95,5.56,4.0,5.06,6.39,5.61
RYDALMERE,7.67,5.56,4.0,3.5,7.92,5.61
KANGAROO POINT,7.83,5.56,6.0,5.06,1.2,5.6
ROSELANDS,7.84,5.56,4.0,3.5,7.54,5.6
CLYDE,7.83,5.56,6.0,5.06,1.2,5.6
PORT HACKING,8.01,5.56,6.0,5.06,0.81,5.59
BELLA VISTA,8.02,5.56,4.0,3.5,7.1,5.58
DOLANS BAY,7.83,5.56,6.0,5.06,1.09,5.58
BEROWRA HEIGHTS,8.4,5.56,4.0,5.06,5.48,5.58
BEAUMONT HILLS,8.37,5.56,4.0,5.06,5.48,5.58
OATLANDS,8.28,5.56,4.0,5.06,5.59,5.57
ANNANGROVE,8.28,5.56,4.0,5.06,5.59,5.57
WESTLEIGH,8.61,5.56,4.0,5.06,4.94,5.56
YAGOONA,7.9,5.56,4.0,1.1,8.78,5.56
DENISTONE WEST,7.83,5.56,6.0,5.06,0.97,5.56
BADGERYS CREEK,7.83,5.56,5.33,5.06,2.72,5.56
WAITARA,8.49,5.56,6.0,1.1,2.3,5.53
MERRYLANDS WEST,7.57,5.56,4.0,5.06,6.39,5.51
ILLAWONG,8.16,5.56,4.0,3.5,6.39,5.5
GALSTON,8.26,5.56,4.0,5.06,5.05,5.48
BANGOR,8.46,5.56,4.0,5.06,4.61,5.47
MEADOWBANK,8.11,5.56,6.0,1.1,2.43,5.46
YARRAWARRAH,8.24,5.56,4.0,5.06,4.84,5.45
LUGARNO,8.4,5.56,4.0,5.06,4.61,5.45
GIRRAWEEN,8.09,5.56,4.0,5.06,4.94,5.43
EDMONDSON PARK,7.93,5.56,4.0,1.1,7.82,5.42
BLACKTOWN,6.31,7.0,2.0,9.8,9.0,5.41
HARRIS PARK,7.0,5.56,6.0,1.1,3.97,5.41
MOUNT KURING-GAI,8.53,5.56,5.33,1.1,3.06,5.39
HOLROYD,7.21,5.56,6.0,5.06,0.81,5.39
TALLAWONG,8.05,5.56,4.0,5.06,4.69,5.38
BANKSIA,8.14,5.56,6.0,1.1,1.7,5.36
ARCADIA,8.24,5.56,4.0,5.06,4.27,5.36
PICNIC POINT,8.3,5.56,4.0,5.06,4.14,5.36
CHESTER HILL,7.63,5.56,2.0,8.1,8.51,5.35
CABRAMATTA,7.45,5.56,2.0,9.3,8.04,5.35
SANDY POINT,7.83,5.56,5.33,5.06,1.31,5.35
HOMEBUSH WEST,7.81,5.56,6.0,1.1,2.18,5.35
BARDEN RIDGE,8.15,5.56,4.0,5.06,4.27,5.34
EAST HILLS,8.04,5.56,4.0,3.5,5.44,5.33
PLEASURE POINT,7.83,5.56,5.33,5.06,1.2,5.33
PEMULWUY,7.85,5.56,4.0,5.06,4.61,5.32
FAIRFIELD,7.12,6.2,2.0,9.8,7.58,5.32
PEAKHURST HEIGHTS,8.44,5.56,4.0,5.06,3.56,5.31
WESTMEAD,7.39,5.56,4.0,3.5,6.31,5.3
OLD TOONGABBIE,8.36,5.56,4.0,5.06,3.56,5.29
NARWEE,7.99,5.56,4.0,3.5,5.11,5.27
ELVINA BAY,7.83,5.56,5.33,5.06,0.65,5.25
MINTO,7.09,5.56,2.0,8.6,8.32,5.24
LOVETT BAY,7.83,5.56,5.33,5.06,0.53,5.23
NORTHMEAD,7.48,5.56,4.0,3.5,5.68,5.23
LIVERPOOL,5.99,6.0,2.0,10.0,8.8,5.22
PADSTOW HEIGHTS,8.37,5.56,4.0,5.06,3.09,5.22
QUAKERS HILL,7.99,5.56,2.0,5.6,8.62,5.21
CAMELLIA,7.83,5.56,6.0,1.1,1.15,5.2
WORONORA HEIGHTS,8.49,5.56,4.0,5.06,2.72,5.19
RIVERSTONE,7.54,5.56,2.0,7.0,8.18,5.17
MIDDLE DURAL,8.45,5.56,4.0,5.06,2.56,5.16
KELLYVILLE RIDGE,8.26,5.56,4.0,5.06,2.9,5.16
ALFORDS POINT,8.52,5.56,4.0,5.06,2.45,5.16
ROOTY HILL,7.68,5.56,2.0,7.0,7.63,5.12
INGLEBURN,7.13,5.56,2.0,7.0,8.57,5.12
GLENMORE PARK,8.13,5.56,2.0,5.06,8.05,5.1
REVESBY HEIGHTS,8.47,5.56,4.0,5.06,2.07,5.09
OLD GUILDFORD,7.78,5.56,4.0,5.06,3.09,5.07
GUILDFORD WEST,8.04,5.56,4.0,1.1,5.18,5.05
ST MARYS,5.8,5.6,2.0,9.7,8.44,5.05
NORWEST,7.67,5.56,4.0,1.1,5.68,5.04
ST CLAIR,8.02,5.56,2.0,5.06,7.8,5.04
CONSTITUTION HILL,7.7,5.56,4.0,5.06,2.9,5.02
MOOREBANK,7.85,5.56,2.0,5.6,7.54,5.01
GLENORIE,8.25,5.56,2.0,7.0,5.81,4.99
SMITHFIELD,7.61,5.56,2.0,5.06,8.18,4.99
GLENFIELD,7.62,5.56,2.0,7.0,6.8,4.98
BOX HILL,8.01,5.56,2.0,5.06,7.41,4.98
REGENTS PARK,7.78,5.56,2.0,7.0,6.51,4.98
PENDLE HILL,7.48,5.56,4.0,1.1,5.55,4.97
CAMPBELLTOWN,5.28,5.56,2.0,9.7,8.81,4.97
CHIPPING NORTON,8.11,5.56,2.0,5.06,7.13,4.96
DUNDAS VALLEY,8.1,5.56,4.0,1.1,4.49,4.96
BEROWRA,8.29,5.56,2.0,5.6,6.41,4.95
GREEN VALLEY,8.1,5.56,2.0,5.06,7.01,4.94
SEVEN HILLS,6.88,5.56,2.0,5.6,8.71,4.94
BONNYRIGG,7.59,5.56,2.0,7.0,6.53,4.93
CHULLORA,7.83,5.56,4.0,5.06,1.94,4.91
KINGS LANGLEY,8.17,5.56,2.0,5.06,6.71,4.91
HARRINGTON PARK,8.38,5.56,2.0,5.06,6.3,4.9
BONNYRIGG HEIGHTS,8.22,5.56,2.0,5.06,6.53,4.9
FAIRFIELD WEST,8.09,5.56,2.0,5.06,6.67,4.88
MOUNT PRITCHARD,7.58,5.56,2.0,5.06,7.45,4.87
WATTLE GROVE,8.27,5.56,2.0,5.06,6.26,4.87
SOUTH PENRITH,7.64,5.56,2.0,5.06,7.32,4.87
MOUNT LEWIS,8.12,5.56,4.0,5.06,1.09,4.86
THE PONDS,8.38,5.56,2.0,5.06,6.01,4.86
LURNEA,7.7,5.56,2.0,5.06,7.08,4.85
LEPPINGTON,8.07,5.56,2.0,3.5,7.47,4.84
CRANEBROOK,7.16,5.56,2.0,5.06,7.92,4.84
GLENWOOD,8.22,5.56,2.0,3.5,7.18,4.84
CASULA,7.55,5.56,2.0,3.5,8.34,4.84
TELOPEA,7.34,5.56,4.0,1.1,4.89,4.83
WILEY PARK,7.84,5.56,4.0,1.1,3.97,4.82
EDENSOR PARK,8.17,5.56,2.0,5.06,6.01,4.81
HINCHINBROOK,8.09,5.56,2.0,5.06,6.12,4.8
CECIL HILLS,8.26,5.56,2.0,5.06,5.81,4.8
BRADBURY,7.59,5.56,2.0,5.06,6.97,4.8
WATERFALL,7.83,5.56,4.0,3.5,2.18,4.79
BANKSTOWN AERODROME,7.83,5.56,4.0,5.06,1.09,4.78
BOSSLEY PARK,8.16,5.56,2.0,3.5,6.78,4.76
ORAN PARK,8.09,5.56,2.0,5.06,5.75,4.75
LUCAS HEIGHTS,7.83,5.56,4.0,5.06,0.81,4.74
STANHOPE GARDENS,8.29,5.56,2.0,5.06,5.37,4.74
FAIRFIELD EAST,7.54,5.56,2.0,5.06,6.63,4.74
BLIGH PARK,8.04,5.56,2.0,5.06,5.75,4.73
ELDERSLIE,8.26,5.56,2.0,5.06,5.37,4.73
PENRITH,4.07,5.8,2.0,9.9,8.87,4.72
BERRILEE,7.83,5.56,4.0,5.06,0.65,4.72
FIDDLETOWN,7.83,5.56,4.0,5.06,0.65,4.72
MINCHINBURY,7.45,5.56,2.0,5.06,6.57,4.71
ST JOHNS PARK,8.35,5.56,2.0,5.06,5.05,4.71
CLAREMONT MEADOWS,7.99,5.56,2.0,5.06,5.68,4.71
AUSTRAL,7.7,5.56,2.0,5.06,6.08,4.7
GLEN ALPINE,8.24,5.56,2.0,5.06,5.18,4.7
BEROWRA WATERS,7.83,5.56,4.0,5.06,0.53,4.7
GABLES,8.5,5.56,2.0,5.06,4.69,4.69
ST HELENS PARK,7.84,5.56,2.0,5.06,5.81,4.69
PITT TOWN,8.37,5.56,2.0,5.06,4.84,4.68
EAGLE VALE,7.73,5.56,2.0,5.06,5.91,4.68
COLYTON,7.23,5.56,2.0,5.06,6.67,4.67
VILLAWOOD,6.93,5.56,2.0,3.5,8.2,4.67
MARAYLYA,8.39,5.56,2.0,5.06,4.73,4.67
DOONSIDE,6.2,5.56,2.0,5.6,7.99,4.66
WEST HOXTON,8.16,5.56,2.0,5.06,5.05,4.66
NARELLAN VALE,8.06,5.56,2.0,5.06,5.18,4.65
MACQUARIE FIELDS,6.73,5.56,2.0,3.5,8.39,4.65
ERSKINE PARK,8.03,5.56,2.0,3.5,6.22,4.65
MAYS HILL,7.38,5.56,4.0,5.06,0.97,4.65
CABRAMATTA WEST,7.97,5.56,2.0,5.06,5.28,4.65
GREENFIELD PARK,8.26,5.56,2.0,5.06,4.73,4.64
LONDONDERRY,7.88,5.56,2.0,5.06,5.37,4.64
MOUNT ANNAN,8.14,5.56,2.0,3.5,5.91,4.63
MELONBA,8.2,5.56,2.0,5.06,4.69,4.61
ABBOTSBURY,8.26,5.56,2.0,5.06,4.49,4.6
CAMBRIDGE PARK,7.41,5.56,2.0,5.06,5.91,4.6
KINGSWOOD,5.99,5.56,2.0,5.06,8.25,4.6
WETHERILL PARK,6.69,5.56,2.0,3.5,8.16,4.6
LANSVALE,7.41,5.56,2.0,5.06,5.81,4.59
SEFTON,8.02,5.56,2.0,3.5,5.87,4.59
MOUNT DRUITT,5.7,5.6,2.0,5.6,8.28,4.59
OAKHURST,7.99,5.56,2.0,5.06,4.84,4.59
MCGRATHS HILL,7.85,5.56,2.0,5.06,5.05,4.58
SOUTH WINDSOR,6.96,5.56,2.0,5.06,6.53,4.58
GLEDSWOOD HILLS,8.15,5.56,2.0,5.06,4.49,4.57
POTTS HILL,8.03,5.56,2.0,5.06,4.69,4.57
RABY,8.02,5.56,2.0,5.06,4.61,4.56
CURRANS HILL,8.12,5.56,2.0,5.06,4.39,4.55
ROSEMEADOW,7.53,5.56,2.0,5.06,5.28,4.54
CANLEY HEIGHTS,7.86,5.56,2.0,5.06,4.73,4.54
GRANTHAM FARM,7.88,5.56,2.0,5.06,4.69,4.53
COBBITTY,8.37,5.56,2.0,5.06,3.85,4.53
RICHMOND,6.91,5.56,2.0,5.06,6.25,4.53
MARAYONG,7.21,5.56,2.0,3.5,6.72,4.52
ANGUS,7.83,5.56,2.0,5.06,4.69,4.52
LALOR PARK,7.09,5.56,2.0,5.06,5.91,4.52
LAUGHTONDALE,7.83,5.56,2.0,5.06,4.69,4.52
LEETS VALE,7.83,5.56,2.0,5.06,4.69,4.52
FOREST GLEN,7.83,5.56,2.0,5.06,4.69,4.52
SINGLETONS MILL,7.83,5.56,2.0,5.06,4.69,4.52
RICHARDS,7.83,5.56,2.0,5.06,4.69,4.52
PRESTONS,7.67,5.56,2.0,1.1,7.59,4.52
BRADFIELD,7.83,5.56,2.0,5.06,4.69,4.52
CATHERINE FIELD,8.04,5.56,2.0,5.06,4.27,4.51
SPRING FARM,8.24,5.56,2.0,5.06,3.85,4.5
ST ANDREWS,8.04,5.56,2.0,5.06,4.14,4.49
KEMPS CREEK,7.45,5.56,2.0,5.06,5.05,4.48
WERRINGTON COUNTY,7.77,5.56,2.0,5.06,4.49,4.48
RUSE,7.95,5.56,2.0,5.06,4.14,4.47
LEUMEAH,7.22,5.56,2.0,1.1,7.99,4.47
WOODBINE,8.11,5.56,2.0,5.06,3.71,4.45
ROSSMORE,7.51,5.56,2.0,5.06,4.61,4.43
MULGOA,8.04,5.56,2.0,5.06,3.71,4.43
GREGORY HILLS,8.06,5.56,2.0,5.06,3.71,4.43
NIRIMBA FIELDS,7.46,5.56,2.0,5.06,4.69,4.43
AMBARVALE,6.93,5.56,2.0,5.06,5.48,4.42
BIRRONG,7.78,5.56,2.0,7.0,2.81,4.42
EASTERN CREEK,7.83,5.56,2.0,1.1,6.67,4.42
SMEATON GRANGE,7.83,5.56,2.0,5.06,3.99,4.42
PLUMPTON,7.69,5.56,2.0,3.5,5.28,4.42
JORDAN SPRINGS,7.96,5.56,2.0,5.06,3.71,4.41
WAKELEY,8.17,5.56,2.0,5.06,3.39,4.41
WHALAN,6.5,5.56,2.0,5.06,6.08,4.4
WOODCROFT,7.86,5.56,2.0,5.06,3.85,4.4
HAMMONDVILLE,8.02,5.56,2.0,5.06,3.56,4.4
HOLSWORTHY,8.16,5.56,2.0,3.5,4.35,4.4
CANLEY VALE,7.86,5.56,2.0,1.1,6.41,4.39
ROPES CROSSING,7.9,5.56,2.0,5.06,3.71,4.39
HECKENBERG,7.57,5.56,2.0,5.06,4.14,4.38
ACACIA GARDENS,8.21,5.56,2.0,5.06,3.09,4.38
OAKVILLE,8.35,5.56,2.0,5.06,2.72,4.36
LLANDILO,7.59,5.56,2.0,5.06,3.99,4.36
PROSPECT,7.61,5.56,2.0,5.06,3.99,4.36
DEAN PARK,7.83,5.56,2.0,5.06,3.56,4.35
WERRINGTON,6.73,5.56,2.0,5.6,4.99,4.35
BLAIR ATHOL,8.51,5.56,2.0,5.06,2.31,4.34
BERKSHIRE PARK,8.1,5.56,2.0,5.06,2.9,4.32
YENNORA,6.74,5.56,4.0,1.1,2.44,4.32
GLENDENNING,7.54,5.56,2.0,3.5,4.84,4.32
CADDENS,8.16,5.56,2.0,5.06,2.72,4.31
AIRDS,6.38,5.56,2.0,5.06,5.48,4.28
MAROOTA,7.83,5.56,2.0,5.06,3.09,4.28
FAIRFIELD HEIGHTS,8.03,5.56,2.0,5.06,2.72,4.28
HOXTON PARK,7.93,5.56,2.0,5.06,2.9,4.28
PRAIRIEWOOD,7.64,5.56,2.0,5.06,3.39,4.28
HASSALL GROVE,7.59,5.56,2.0,5.06,3.39,4.27
BUNGARRIBEE,8.21,5.56,2.0,5.06,2.31,4.26
BRINGELLY,7.55,5.56,2.0,5.06,3.39,4.26
DENHAM COURT,8.18,5.56,2.0,3.5,3.39,4.26
MINTO HEIGHTS,7.83,5.56,2.0,5.06,2.9,4.25
CATTAI,8.4,5.56,2.0,5.06,1.94,4.25
BUSBY,7.33,5.56,2.0,5.06,3.71,4.25
MARSDEN PARK,7.87,5.56,2.0,1.1,5.37,4.24
COLEBEE,8.13,5.56,2.0,5.06,2.31,4.24
WERRINGTON DOWNS,7.9,5.56,2.0,5.06,2.72,4.24
HOBARTVILLE,8.28,5.56,2.0,5.06,2.07,4.24
KEARNS,8.09,5.56,2.0,5.06,2.31,4.23
ARNDELL PARK,7.83,5.56,2.0,5.06,2.72,4.23
BOW BOWING,8.07,5.56,2.0,5.06,2.31,4.23
CECIL PARK,7.83,5.56,2.0,5.06,2.72,4.23
HEBERSHAM,7.0,5.56,2.0,5.06,4.14,4.23
MOUNT VERNON,8.27,5.56,2.0,5.06,1.94,4.22
ESCHOL PARK,7.98,5.56,2.0,5.06,2.45,4.22
ELIZABETH HILLS,8.4,5.56,2.0,5.06,1.68,4.21
KINGS PARK,7.16,5.56,2.0,5.06,3.71,4.21
MIDDLETON GRANGE,8.28,5.56,2.0,5.06,1.8,4.2
REGENTVILLE,7.83,5.56,2.0,5.06,2.31,4.17
NORTH ST MARYS,6.16,5.56,2.0,3.5,6.09,4.16
SHALVEY,6.35,5.56,2.0,5.06,4.73,4.16
PARKLEA,8.35,5.56,2.0,5.06,1.43,4.16
WOODPARK,8.3,5.56,2.0,5.06,1.43,4.15
NELSON,7.83,5.56,2.0,5.06,2.18,4.15
KENTLYN,7.83,5.56,2.0,5.06,2.18,4.15
HUNTINGWOOD,7.83,5.56,2.0,5.06,2.18,4.15
MENANGLE PARK,7.83,5.56,2.0,5.06,2.07,4.13
OXLEY PARK,7.2,5.56,2.0,5.06,3.09,4.13
WINDSOR DOWNS,8.39,5.56,2.0,5.06,1.09,4.12
SOUTH MAROOTA,7.83,5.56,2.0,5.06,1.94,4.11
DHARRUK,7.29,5.56,2.0,5.06,2.72,4.09
VARROVILLE,7.83,5.56,2.0,5.06,1.8,4.09
ASHCROFT,7.03,5.56,2.0,5.06,3.09,4.08
TREGEAR,5.47,5.56,2.0,5.06,5.59,4.07
MULGRAVE,7.83,5.56,2.0,5.06,1.7,4.07
CASTLEREAGH,7.51,5.56,2.0,5.06,2.18,4.07
SHANES PARK,7.83,5.56,2.0,5.06,1.68,4.07
JAMISONTOWN,6.96,5.56,2.0,1.1,5.68,4.06
BARDIA,8.01,5.56,2.0,5.06,1.31,4.06
AGNES BANKS,7.83,5.56,2.0,5.06,1.57,4.05
MACQUARIE LINKS,8.32,5.56,2.0,5.06,0.65,4.04
WEDDERBURN,7.83,5.56,2.0,5.06,1.43,4.03
WISEMANS FERRY,7.83,5.56,2.0,5.06,1.2,4.0
CARRAMAR,7.28,5.56,2.0,1.1,4.77,4.0
LONG POINT,7.83,5.56,2.0,5.06,1.2,4.0
KIRKHAM,7.83,5.56,2.0,5.06,1.2,4.0
BIDWILL,5.33,5.56,2.0,5.06,5.28,3.99
CARNES HILL,7.8,5.56,2.0,5.06,1.09,3.98
LEN WATERS ESTATE,7.83,5.56,2.0,5.06,1.09,3.98
WINDSOR,4.63,5.56,2.0,9.0,3.77,3.98
MILLER,5.65,5.56,2.0,5.06,4.73,3.98
COWAN,7.83,5.56,2.0,3.5,2.07,3.97
HORNINGSEA PARK,8.1,5.56,2.0,1.1,3.09,3.95
LUDDENHAM,7.11,5.56,2.0,5.06,2.07,3.95
WARWICK FARM,6.24,5.56,2.0,3.5,4.49,3.94
BLAIRMOUNT,7.83,5.56,2.0,5.06,0.81,3.94
SADLEIR,6.83,5.56,2.0,5.06,2.45,3.94
LOWER PORTLAND,7.83,5.56,2.0,5.06,0.65,3.92
SACKVILLE NORTH,7.83,5.56,2.0,5.06,0.65,3.92
WILLMOT,5.34,5.56,2.0,5.06,4.84,3.92
CANOELANDS,7.83,5.56,2.0,5.06,0.65,3.92
GILEAD,7.83,5.56,2.0,5.06,0.65,3.92
ENGLORIE PARK,7.83,5.56,2.0,5.06,0.65,3.92
GREENDALE,7.83,5.56,2.0,5.06,0.53,3.9
LANSDOWNE,7.83,5.56,2.0,5.06,0.53,3.9
CAMBRIDGE GARDENS,6.81,5.56,2.0,5.06,2.18,3.89
LETHBRIDGE PARK,5.3,5.56,2.0,5.06,4.49,3.86
BLACKETT,5.8,5.56,2.0,5.06,3.56,3.85
NARELLAN,6.19,5.56,2.0,1.1,5.05,3.77
CLARENDON,7.83,5.56,2.0,1.1,2.07,3.73
VINEYARD,6.24,5.56,2.0,1.1,4.49,3.7
CLAYMORE,5.49,5.56,2.0,5.06,2.9,3.67
CARTWRIGHT,5.89,5.56,2.0,5.06,1.68,3.59
EMERTON,5.15,5.56,2.0,5.06,2.18,3.48
